사건번호,법원명,D-Day,주소,면적,감정가,최저가,유찰여부,용도,조회수,이미지
2024타경53533,서울동부지법,D-6,서울특별시 송파구 송이로19길 29,건물 249.96㎡(76평) | 토지 193.5㎡(59평),24억8581만2520원,12억7273만6000원 (↓49%),#유찰3회,단독주택,7.8k,https://madangs.cachefly.net/img/0220240053533001.jpg
2023타경3760,서울동부지법,D-6,서울특별시 성동구 동일로43가길 6-24,건물 54.28㎡(17평) | 토지 99㎡(30평),9억5876만2360원,6억1360만8000원 (↓36%),#유찰2회,단독주택,6.3k,https://madangs.cachefly.net/img/0220230003760001.jpg
2023타경118781,서울북부지법,D-7,"서울특별시 성북구 보문로29다길 31, 제114동 제1층 제101호 (삼선동2가,삼선푸르지오)",건물 114.65㎡(35평) | 토지 60.41㎡(19평),9억3000만원,7억4400만원 (↓20%),#유찰1회,아파트,6.1k,https://madangs.cachefly.net/img/0520230118781001.jpg
2024타경2203,서울북부지법,D-21,"서울특별시 성북구 성북로4길 52, 207동 6층601호 (돈암동,한진아파트)",건물 113.7㎡(35평) | 토지 46.4㎡(14평),8억3800만원,2억7459만6000원 (↓67%),#유찰5회,아파트,5k,https://madangs.cachefly.net/img/0520240002203001.jpg
2024타경105066,서울중앙지법,D-7,서울특별시 강남구 대치동 1019-13 지하층2호 외 1개 호,건물 214.84㎡(65평) | 토지 774.9㎡(235평),35억4700만원,18억1606만4000원 (↓49%),#유찰7회,상가,4k,https://madangs.cachefly.net/img/0120240105066001.jpg
2024타경123408,서울중앙지법,D-1,서울특별시 강남구 밤고개로27길 7-5,건물 477.13㎡(145평) | 토지 275.3㎡(84평),39억477만9120원,19억9924만6000원 (↓49%),#유찰3회,다가구,3.3k,https://madangs.cachefly.net/img/0120240123408001.jpg
2024타경1382,서울남부지법,D-1,"서울특별시 양천구 목동동로 189, 제9층 제씨-903호 (신정동, 삼성쉐르빌1)",건물 149.48㎡(46평) | 토지 20.15㎡(7평),19억4000만원,19억4000만원,#유찰1회,아파트,2.7k,https://madangs.cachefly.net/img/0420240001382001.jpg
2023타경4912,대전지법,D-23,"대전광역시 서구 청사로 281, 220동 10층1003호 (둔산동,샘머리아파트)",건물 84.9㎡(26평) | 토지 38.1㎡(12평),4억6500만원,3억2550만원 (↓30%),#유찰1회,아파트,2.4k,https://madangs.cachefly.net/img/2520230004912001.jpg
2024타경107420,서울중앙지법,D-16,서울특별시 관악구 서림9길 32,건물 292.2㎡(89평) | 토지 202㎡(62평),12억4513만2000원,6억3750만8000원 (↓49%),#유찰3회,다가구,1.9k,https://madangs.cachefly.net/img/0120240107420001.jpg
2023타경110497,대전지법,D-22,대전광역시 서구 남선로 35-22,건물 375.16㎡(114평) | 토지 219.7㎡(67평),11억309만4080원,7억7216만5000원 (↓30%),#유찰1회,다가구,1.8k,https://madangs.cachefly.net/img/2520230110497001.jpg
2023타경3271,의정부지법,D-1,"경기도 양주시 옥정동로7가길 44, 1층109호 (옥정동,비타민프라자주건축물제1동)",건물 46.8㎡(15평) | 토지 16.1㎡(5평),7억1000만원,2억4353만원 (↓66%),#유찰3회,상가,1.5k,https://madangs.cachefly.net/img/0620230003271001.jpg
2024타경62225,서울서부지법,D-0,"서울특별시 마포구 백범로37길 22, 4층401호",건물 52.45㎡(16평) | 토지 27.8㎡(9평),4억8500만원,3억8800만원 (↓20%),#유찰1회,다세대,1.5k,https://madangs.cachefly.net/img/0320240062225001.jpg
2023타경103934,울산지법,D-1,울산광역시 울주군 범서읍 대리3길 5-3,건물 169.42㎡(52평) | 토지 409.4㎡(124평),11억4371만800원,5억6041만9000원 (↓51%),#유찰2회,단독주택,1.5k,https://madangs.cachefly.net/img/4320230103934001.jpg
2024타경5094,서울남부지법,D-7,"서울특별시 강서구 마곡서1로 81, 제803동 제4층 제404호 (마곡동, 마곡엠밸리8단지)",건물 84.74㎡(26평) | 토지 66.39㎡(21평),13억9100만원,11억1280만원 (↓20%),#유찰1회,아파트,1.5k,https://madangs.cachefly.net/img/0420240005094001.jpg
2022타경730,안양지원,D-35,"경기도 군포시 번영로 489, 7층703호 (산본동,중앙타워)",건물 135.73㎡(42평) | 토지 31.07㎡(10평),2억6800만원,8781만8000원 (↓67%),#유찰5회,상가,1.5k,https://madangs.cachefly.net/img/1520220000730001.jpg
2024타경68285[1],고양지원,D-14,경기도 파주시 동패동 2093-6,토지 343㎡(104평),7억315만원,3억4454만4000원 (↓51%),#유찰2회,대지,1.4k,https://madangs.cachefly.net/img/0720240068285001.jpg
2021타경1843,원주지원,D-6,"강원도 원주시 건강로 25, 2층213호 (반곡동,서영에비뉴파크1차)",건물 43.91㎡(14평) | 토지 12.13㎡(4평),2억200만원,3395만원 (↓83%),#유찰5회,상가,1.4k,https://madangs.cachefly.net/img/1820210001843001.jpg
2023타경4778,울산지법,D-16,경상남도 양산시 물금읍 목화로 54 외 1필지,건물 483.82㎡(147평) | 토지 267㎡(81평),10억5006만5440원,5억1453만2000원 (↓51%),#유찰4회,다가구,1.4k,https://madangs.cachefly.net/img/4320230004778001.jpg
2024타경53755,서울동부지법,D-13,"서울특별시 송파구 송이로17길 34, 에이동 1층104호 (가락동,현대연립)",건물 157.21㎡(48평) | 토지 167.91㎡(51평),12억9000만원,10억3200만원 (↓20%),#유찰1회,다세대,1.3k,https://madangs.cachefly.net/img/0220240053755001.jpg
2024타경172[1],여주지원,D-1,경기도 양평군 옥천면 옥천리 331-12,토지 1663㎡(504평),1억643만2000원,1788만8000원 (↓83%),#유찰5회,임야,1.3k,https://madangs.cachefly.net/img/1220240000172001.jpg
2023타경3180,서울동부지법,D-34,"서울특별시 송파구 충민로 66, 지1층에프-비1098호 (문정동,가든파이브라이프)",건물 22.68㎡(7평) | 토지 6.52㎡(2평),2억5300만원,5305만8000원 (↓79%),#유찰7회,상가,1.2k,https://madangs.cachefly.net/img/0220230003180001.jpg
2024타경6526,대전지법,D-14,대전광역시 유성구 유성대로1707번길 47,건물 369.02㎡(112평) | 토지 210.8㎡(64평),10억3612만8040원,3억5539만2000원 (↓66%),#유찰3회,다가구,1.2k,https://madangs.cachefly.net/img/2520240006526001.jpg
2023타경2696,서울중앙지법,D-14,서울특별시 관악구 난곡로20길 15(신림동),건물 266.78㎡(81평) | 토지 138㎡(42평),16억994만6800원,10억3036만5000원 (↓36%),#유찰2회,기타,1.2k,https://madangs.cachefly.net/img/0120230002696001.jpg
2024타경1249,안양지원,D-35,경기도 군포시 금산로21번길 14-1,건물 229.8㎡(70평) | 토지 137.3㎡(42평),6억6055만4380원,4억2275만4800원 (↓36%),#유찰2회,단독주택,1.2k,https://madangs.cachefly.net/img/1520240001249001.jpg
2024타경53316,수원지법,D-6,경기도 수원시 권선구 세권로94번길 15,건물 130.14㎡(40평) | 토지 126㎡(39평),4억9921만4550원,1억7123만1000원 (↓66%),#유찰3회,단독주택,1.2k,https://madangs.cachefly.net/img/1020240053316001.jpg
2023타경87954,수원지법,D-36,"경기도 화성시 동탄대로 537, 5층502호 (오산동,라스플로레스)",건물 132.1㎡(40평) | 토지 58.1㎡(18평),8억6000만원,4억2140만원 (↓51%),#유찰2회,상가,1.2k,https://madangs.cachefly.net/img/1020230087954001.jpg
2024타경113660,서울북부지법,D-21,서울특별시 중랑구 봉화산로21길 8-7,건물 216.09㎡(66평) | 토지 149㎡(46평),9억5784만5040원,4억9041만7000원 (↓49%),#유찰3회,단독주택,1.1k,https://madangs.cachefly.net/img/0520240113660001.jpg
2024타경120542[1],서울남부지법,D-1,서울특별시 구로구 서해안로30길 10-3,토지 106㎡(33평),8억4456만5580원,5억4052만2000원 (↓36%),#유찰2회,단독주택,1.1k,https://madangs.cachefly.net/img/0420240120542001.jpg
2022타경3583,군산지원,D-27,전라북도 군산시 해령1길 118 외 1필지,건물 95.97㎡(29평) | 토지 1395.97㎡(423평),4억2250만1110원,2억702만5000원 (↓51%),#유찰4회,단독주택,1.1k,https://madangs.cachefly.net/img/5620220003583001.jpg
2024타경855,진주지원,D-27,경상남도 진주시 상대로35번길 5 외 1필지,건물 199.9㎡(61평) | 토지 143㎡(44평),5억3885만4000원,2억7589만3000원 (↓49%),#유찰3회,근린주택,1.1k,https://madangs.cachefly.net/img/4620240000855001.jpg
2019타경22106,제주지법,D-21,제주특별자치도 제주시 애월읍 하귀2리 2891-1 제3동 외 5개 동,건물 588.06㎡(178평) | 토지 1988㎡(602평),17억9565만8100원,17억9565만8100원,#유찰2회,단독주택,1.1k,https://madangs.cachefly.net/img/5920190022106001.jpg
2024타경3474,서울중앙지법,D-1,서울특별시 관악구 장군봉2길 15-7,건물 311.18㎡(95평) | 토지 116.3㎡(36평),17억7837만3060원,17억7837만3060원,#신건,기타,1k,https://madangs.cachefly.net/img/0120240003474001.jpg
2024타경30128,부천지원,D-16,"경기도 부천시 원미구 길주로 125, 6층601호 (상동,다승프라자)",건물 1770.42㎡(536평) | 토지 333.72㎡(101평),68억7000만원,33억6630만원 (↓51%),#유찰2회,상가,1k,https://madangs.cachefly.net/img/0920240030128001.jpg
2023타경1091,안산지원,D-30,경기도 안산시 단원구 고랫부리길 158-25 외 1필지,건물 419.94㎡(127평) | 토지 1253㎡(379평),10억5674만3740원,3억6246만4000원 (↓66%),#유찰3회,단독주택,1k,https://madangs.cachefly.net/img/1420230001091001.jpg
2024타경57827,서울서부지법,D-0,"서울특별시 서대문구 이화여대3길 35, 1층103호 (대현동,슈테리움오피스텔)",건물 80.18㎡(25평) | 토지 19.19㎡(6평),10억8000만원,3억5389만4400원 (↓67%),#유찰5회,상가,987,https://madangs.cachefly.net/img/0320240057827001.jpg
2024타경64180,성남지원,D-13,경기도 광주시 새말길 147-68,건물 177.08㎡(54평) | 토지 344㎡(105평),7억5564만1280원,5억2894만9000원 (↓30%),#유찰2회,단독주택,983,https://madangs.cachefly.net/img/1120240064180001.jpg
2024타경3475,제주지법,D-7,제주특별자치도 제주시 벌랑3길 17,건물 206.99㎡(63평) | 토지 407㎡(124평),8억1455만2820원,5억7018만7000원 (↓30%),#유찰2회,단독주택,981,https://madangs.cachefly.net/img/5920240003475001.jpg
2023타경62064,성남지원,D-6,경기도 광주시 퇴촌면 천진암로1049번길 83-3 외 6필지 외 3개 동,건물 209.76㎡(64평) | 토지 14458㎡(4374평),29억9098만200원,5억269만4000원 (↓83%),#유찰5회,단독주택,950,https://madangs.cachefly.net/img/1120230062064001.jpg
2023타경5130,안산지원,D-7,"경기도 시흥시 대은로 100, 지하층101호 (은행동,삼은넥스타운)",건물 514.28㎡(156평) | 토지 85.25㎡(26평),5억원,5억원,#유찰3회,상가,907,https://madangs.cachefly.net/img/1420230005130001.jpg
2024타경74557,남양주지원,D-2,경기도 가평군 청평면 구청평로 24-8,건물 68.29㎡(21평) | 토지 342㎡(104평),2억4312만810원,8339만1000원 (↓66%),#유찰3회,단독주택,888,https://madangs.cachefly.net/img/6120240074557001.jpg
2024타경32176,제주지법,D-28,제주특별자치도 서귀포시 표선면 일주동로 6062-97,건물 194.54㎡(59평) | 토지 1624.54㎡(492평),8억4233만8400원,5억8963만7000원 (↓30%),#유찰3회,단독주택,882,https://madangs.cachefly.net/img/5920240032176001.jpg
2024타경2583,대구서부지원,D-2,"대구광역시 달서구 와룡로31길 26, 104동 6층601호 (감삼동,힐스테이트죽전역더퍼스트)",건물 84.84㎡(26평) | 토지 13.39㎡(5평),3억8100만원,1억8669만원 (↓51%),#유찰2회,오피스텔(사무),880,https://madangs.cachefly.net/img/3920240002583001.jpg
2023타경119167,서울중앙지법,D-16,"서울특별시 관악구 관악로 285, 110동 1205호 (봉천동,성현동아아파트)",건물 84.9㎡(26평) | 토지 33.6㎡(11평),8억5000만원,6억8000만원 (↓20%),#유찰1회,아파트,869,https://madangs.cachefly.net/img/0120230119167001.jpg
2024타경2148,서울서부지법,D-14,서울특별시 마포구 대흥로30길 24,건물 311.35㎡(95평) | 토지 142.1㎡(43평),25억8142만5000원,20억6514만원 (↓20%),#유찰1회,사무실,867,https://madangs.cachefly.net/img/0320240002148001.jpg
2024타경6815,수원지법,D-34,경기도 수원시 영통구 신원로 209-14,건물 746.37㎡(226평) | 토지 331㎡(101평),26억178만5700원,12억7487만4000원 (↓51%),#유찰2회,다가구,867,https://madangs.cachefly.net/img/1020240006815001.jpg
2024타경4082,전주지법,D-20,전북특별자치도 전주시 덕진구 붓내5길 6 외 3필지,건물 601.79㎡(182평) | 토지 367㎡(111평),8억6354만3480원,2억9619만5414원 (↓66%),#유찰3회,다가구,856,https://madangs.cachefly.net/img/5520240004082001.jpg
2023타경61174,부산지법,D-29,"부산광역시 중구 자갈치로 42, 3층33호 (남포동5가,신동아상가)",건물 28.67㎡(9평) | 토지 14.01㎡(5평),5700만원,250만7000원 (↓96%),#유찰14회,상가,851,https://madangs.cachefly.net/img/4020230061174001.jpg
2022타경1797,안동지원,D-6,경상북도 안동시 풍산읍 미내길 147-54 외 2필지,건물 345.8㎡(105평) | 토지 1202㎡(364평),4억9075만2600원,8248만1000원 (↓83%),#유찰10회,단독주택,842,https://madangs.cachefly.net/img/3220220001797001.jpg
2024타경2121,홍성지원,D-14,충청남도 서천군 마서면 남산로 45,건물 94.3㎡(29평) | 토지 850㎡(258평),1억1667만1800원,5716만9000원 (↓51%),#유찰4회,단독주택,839,https://madangs.cachefly.net/img/2620240002121001.jpg
2023타경3605,서울북부지법,D-0,"서울특별시 성북구 숭인로2길 52, 지층비01호",건물 104.09㎡(32평) | 토지 44.88㎡(14평),1억9200만원,9830만4000원 (↓49%),#유찰3회,상가,833,https://madangs.cachefly.net/img/0520230003605001.jpg
2023타경509419[1],인천지법,D-1,"인천광역시 연수구 랜드마크로 113, 110동 13층1304호 (송도동,이편한세상송도)",건물 84.25㎡(26평) | 토지 46.25㎡(14평),6억8000만원,4억7600만원 (↓30%),#유찰1회,아파트,831,https://madangs.cachefly.net/img/0820230509419001.jpg
2024타경60243,서울서부지법,D-14,서울특별시 은평구 연서로29길 8-7,건물 93.44㎡(29평) | 토지 187.1㎡(57평),22억7549만6560원,11억6505만4238원 (↓49%),#유찰3회,단독주택,831,https://madangs.cachefly.net/img/0320240060243001.jpg
2024타경5068,제주지법,D-21,제주특별자치도 제주시 월랑로6길 23,건물 394.05㎡(120평) | 토지 247㎡(75평),15억2490만4900원,7억4720만3000원 (↓51%),#유찰2회,상가,820,https://madangs.cachefly.net/img/5920240005068001.jpg
2024타경59340,서울동부지법,D-27,서울특별시 광진구 능동로27가길 24-6,건물 58.18㎡(18평) | 토지 99㎡(30평),8억6845만8000원,6억9476만6000원 (↓20%),#유찰1회,단독주택,813,https://madangs.cachefly.net/img/0220240059340001.jpg
2024타경119719,서울남부지법,D-14,"서울특별시 구로구 경인로 83, 제3동 제1층 제108호 (오류동, 서울가든빌라1단지)",건물 45.9㎡(14평) | 토지 58.05㎡(18평),4억8900만원,3억9120만원 (↓20%),#유찰1회,다세대,810,https://madangs.cachefly.net/img/0420240119719001.jpg
2023타경61614,고양지원,D-9,경기도 파주시 금촌동 20-21,토지 1233㎡(373평),11억3311만8000원,5억5522만8000원 (↓51%),#유찰2회,대지,810,https://madangs.cachefly.net/img/0720230061614001.jpg
2024타경5021,청주지법,D-7,"충청북도 청주시 흥덕구 대농로 33, 1층 101호 (복대동,테라스퀘어)",건물 40.77㎡(13평) | 토지 14.29㎡(5평),4억5600만원,1억6343만원 (↓64%),#유찰4회,상가,804,https://madangs.cachefly.net/img/2120240005021001.jpg
2023타경6024,서울북부지법,D-21,서울특별시 중랑구 용마산로94길 9-14,건물 218.49㎡(67평) | 토지 121.7㎡(37평),11억9355만2200원,9억5484만2000원 (↓20%),#유찰4회,상가,803,https://madangs.cachefly.net/img/0520230006024001.jpg
2024타경103996,부산동부지원,D-6,"부산광역시 남구 오륙도로 85, 113동 2층204호 (용호동,오륙도 에스케이뷰 아파트)",건물 200.89㎡(61평) | 토지 89.75㎡(28평),12억1000만원,5억9290만원 (↓51%),#유찰2회,아파트,800,https://madangs.cachefly.net/img/4120240103996001.jpg
2024타경1848,고양지원,D-21,"경기도 고양시 일산동구 백마로 195, 지하1층비-비1160호 (장항동,일산방송컴플렉스방송관련시설)",건물 46.25㎡(14평) | 토지 14.22㎡(5평),2억5200만원,8643만6000원 (↓66%),#유찰3회,상가,800,https://madangs.cachefly.net/img/0720240001848001.jpg
2024타경113964,서울남부지법,D-37,"서울특별시 구로구 개봉로1길 210 (천왕동, 산성교회)",건물 2882.31㎡(872평) | 토지 651㎡(197평),83억9541만6610원,42억9845만3000원 (↓49%),#유찰3회,종교시설,793,https://madangs.cachefly.net/img/0420240113964001.jpg
2023타경3251[2],남양주지원,D-1,경기도 가평군 청평면 호명리 산132-35,토지 862㎡(261평),4억686만4000원,9768만8500원 (↓76%),#유찰4회,임야,783,https://madangs.cachefly.net/img/6120230003251001.jpg
2024타경62177[1],성남지원,D-13,경기도 성남시 수정구 시흥동 16-4,토지 423㎡(128평),1억9881만원,1억3916만7000원 (↓30%),#유찰3회,전,776,https://madangs.cachefly.net/img/1120240062177001.jpg
2024타경4608,청주지법,D-7,충청북도 청주시 흥덕구 강내면 다락탑연길 202-12 외 1필지,건물 197.77㎡(60평) | 토지 712㎡(216평),5억1418만3850원,3억5992만8000원 (↓30%),#유찰3회,단독주택,776,https://madangs.cachefly.net/img/2120240004608001.jpg
2023타경7803,광주지법,D-15,"광주광역시 북구 초당로 32, 2동 지1층비101호 (매곡동,주건축물)",건물 66㎡(20평) | 토지 127.16㎡(39평),3억3192만8000원,7613만6000원 (↓77%),#유찰6회,상가,767,https://madangs.cachefly.net/img/5020230007803001.jpg
2024타경52554[1],서울동부지법,D-6,"서울특별시 송파구 백제고분로51길 7, 2층207호 (방이동,잠실엘퍼스트오피스텔)",건물 73.19㎡(23평) | 토지 12.5㎡(4평),12억9000만원,6억6048만원 (↓49%),#유찰3회,상가,759,https://madangs.cachefly.net/img/0220240052554001.jpg
2024타경4120,고양지원,D-21,"경기도 파주시 경의로1004번길 37, 3층304호 (야당동,롯데프라자)",건물 139.7㎡(43평) | 토지 37.9㎡(12평),5억4400만원,2억6656만원 (↓51%),#유찰2회,상가,758,https://madangs.cachefly.net/img/0720240004120001.jpg
2024타경117334,대구지법,D-27,"대구광역시 수성구 동대구로 59, 16층에이동1605호 (두산동,대우트럼프월드수성)",건물 160.14㎡(49평) | 토지 29.29㎡(9평),15억원,7억3500만원 (↓51%),#유찰2회,아파트,753,https://madangs.cachefly.net/img/3120240117334001.jpg
2023타경3715,서울동부지법,D-13,서울특별시 송파구 삼전로3길 3-28,건물 609.76㎡(185평) | 토지 268.4㎡(82평),48억3375만5780원,38억6700만5000원 (↓20%),#유찰1회,다가구,741,https://madangs.cachefly.net/img/0220230003715001.jpg
2024타경61819,서울서부지법,D-14,서울특별시 마포구 상수동 333-10,토지 109㎡(33평),20억3830만원,16억3064만원 (↓20%),#유찰1회,대지,738,https://madangs.cachefly.net/img/0320240061819001.jpg
2023타경76562[1],고양지원,D-1,경기도 파주시 문발동 588-3,건물 447.81㎡(136평) | 토지 364.6㎡(111평),7억9522만8800원,7억9522만8800원,#유찰2회,단독주택,737,https://madangs.cachefly.net/img/0720230076562001.jpg
2021타경1214,영월지원,D-35,강원도 평창군 용평면 속사리 619-11 외 1필지,건물 161.19㎡(49평) | 토지 880㎡(267평),2억4811만4000원,5957만2000원 (↓76%),#유찰5회,단독주택,737,https://madangs.cachefly.net/img/2020210001214001.jpg
2024타경8071,수원지법,D-27,"경기도 화성시 동탄솔빛로 51, 1층105호 (반송동,인창프라자)",건물 46.36㎡(14평) | 토지 14.69㎡(5평),9억7000만원,4억7530만원 (↓51%),#유찰2회,상가,728,https://madangs.cachefly.net/img/1020240008071001.jpg
2024타경110631,서울중앙지법,D-30,서울특별시 종로구 이화동 9-580 외 3필지,토지 50.4㎡(16평),1억2244만6150원,7836만4000원 (↓36%),#유찰2회,대지,721,https://madangs.cachefly.net/img/0120240110631001.jpg
2024타경3785,광주지법,D-14,"광주광역시 서구 상무평화로 62, 상가1동 지하층 102호 (치평동,라인동산아파트)",건물 390㎡(118평) | 토지 259.89㎡(79평),5억4200만원,1억2432만2000원 (↓77%),#유찰6회,사무실,720,https://madangs.cachefly.net/img/5020240003785001.jpg
2024타경111207,서울중앙지법,D-7,서울특별시 동작구 흑석동 93-120,토지 155㎡(47평),24억3350만원,24억3350만원,#신건,대지,719,https://madangs.cachefly.net/img/0120240111207001.jpg
2023타경3808,부천지원,D-42,경기도 부천시 심곡본동 산68,토지 22483㎡(6802평),38억8955만9000원,6억5371만8000원 (↓83%),#유찰5회,임야,717,https://madangs.cachefly.net/img/0920230003808001.jpg
2024타경45772,평택지원,D-28,경기도 평택시 지산로5번길 26-21,건물 226.14㎡(69평) | 토지 129㎡(39평),3억8795만1000원,1억3306만8000원 (↓66%),#유찰3회,단독주택,716,https://madangs.cachefly.net/img/1320240045772001.jpg
2024타경36142[1],대구서부지원,D-0,대구광역시 달성군 가창면 가창로10길 91 (1동) 외 1필지,건물 165.02㎡(50평) | 토지 687㎡(208평),6억1102만7400원,2억9940만3000원 (↓51%),#유찰4회,단독주택,714,https://madangs.cachefly.net/img/3920240036142001.jpg
2022타경2795,평택지원,D-6,경기도 안성시 금석동 212-4,토지 9110㎡(2756평),27억6033만원,9억4679만3400원 (↓66%),#유찰3회,임야,710,https://madangs.cachefly.net/img/1320220002795001.jpg
2023타경37841,대구서부지원,D-28,대구광역시 달서구 장기로10길 35(성당동) 외 1필지,건물 999.6㎡(303평) | 토지 461㎡(140평),33억5863만9740원,33억5863만9740원,#유찰2회,상가,707,https://madangs.cachefly.net/img/3920230037841001.jpg
2024타경67352[1],광주지법,D-21,광주광역시 광산구 신창동 607,토지 3812㎡(1154평),11억346만4000원,11억346만4000원,#유찰5회,전,705,https://madangs.cachefly.net/img/5020240067352001.jpg
2023타경10603,대전지법,D-1,대전광역시 서구 도마로63번길 33,건물 487.08㎡(148평) | 토지 247.5㎡(75평),12억7512만원,6억2480만9000원 (↓51%),#유찰3회,다가구,701,https://madangs.cachefly.net/img/2520230010603001.jpg
2023타경115432,울산지법,D-28,울산광역시 울주군 범서읍 점촌6길 5-13,건물 773.5㎡(234평) | 토지 652.1㎡(198평),23억9536만2020원,8억2160만9000원 (↓66%),#유찰3회,상가,696,https://madangs.cachefly.net/img/4320230115432001.jpg
2024타경4478,인천지법,D-3,인천광역시 중구 무의동 산117,토지 1652.9㎡(500평),2억991만8300원,3528만원 (↓83%),#유찰5회,임야,695,https://madangs.cachefly.net/img/0820240004478001.jpg
2023타경4689,부산동부지원,D-21,"부산광역시 남구 분포로 145, 스퀘어동 1층1148호 (용호동,더블유)",건물 36.93㎡(12평) | 토지 7.87㎡(3평),8억8800만원,3억9782만4000원 (↓55%),#유찰3회,아파트,694,https://madangs.cachefly.net/img/4120230004689001.jpg
2023타경8808,대전지법,D-7,대전광역시 유성구 문지로316번길 37-10,건물 362㎡(110평) | 토지 271.8㎡(83평),14억7018만4500원,7억2039만원 (↓51%),#유찰2회,다가구,690,https://madangs.cachefly.net/img/2520230008808001.jpg
2024타경431[1],부산동부지원,D-20,"부산광역시 해운대구 중동2로34번길 29, 104동 25층2501호 (중동,롯데캐슬마린아파트)",건물 84.97㎡(26평) | 토지 21.22㎡(7평),6억8000만원,4억7600만원 (↓30%),#유찰1회,아파트,689,https://madangs.cachefly.net/img/4120240000431001.jpg
2023타경689,순천지원,D-6,전라남도 구례군 산동면 둔사리 산322-3 외 6필지,토지 40066㎡(12120평),12억4323만5600원,1억8250만8000원 (↓85%),#유찰12회,임야,688,https://madangs.cachefly.net/img/5320230000689001.jpg
2024타경81243,수원지법,D-41,"경기도 화성시 동탄대로8길 35, 2564동 2층204호 (산척동,더레이크시티부영3단지)",건물 134.82㎡(41평) | 토지 91.81㎡(28평),13억원,9억1000만원 (↓30%),#유찰1회,아파트,686,https://madangs.cachefly.net/img/1020240081243001.jpg
2024타경238,대전지법,D-22,대전광역시 대덕구 석봉동 186-13,건물 198.14㎡(60평) | 토지 159.3㎡(49평),4억8060만2000원,1억6484만5000원 (↓66%),#유찰3회,다가구,685,https://madangs.cachefly.net/img/2520240000238001.jpg
2024타경137991,서울남부지법,D-7,서울특별시 강서구 강서로8길 113,건물 166.56㎡(51평) | 토지 278.96㎡(85평),10억6238만6200원,8억4990만9000원 (↓20%),#유찰1회,단독주택,685,https://madangs.cachefly.net/img/0420240137991001.jpg
2024타경11084,수원지법,D-10,"경기도 수원시 장안구 이목로 24, 123동 5층502호 (정자동,수원에스케이스카이뷰)",건물 84.91㎡(26평) | 토지 50.59㎡(16평),7억7000만원,5억3900만원 (↓30%),#유찰1회,아파트,679,https://madangs.cachefly.net/img/1020240011084001.jpg
2024타경2999,서울북부지법,D-7,"서울특별시 중랑구 양원역로4길 10, 4층401호",건물 79.97㎡(25평) | 토지 40.34㎡(13평),3억200만원,1억9328만원 (↓36%),#유찰2회,다세대,673,https://madangs.cachefly.net/img/0520240002999001.jpg
2024타경5699,광주지법,D-15,광주광역시 동구 필문대로187번길 10-1,건물 96.21㎡(30평) | 토지 137.7㎡(42평),1억9057만6800원,6830만2000원 (↓64%),#유찰4회,단독주택,671,https://madangs.cachefly.net/img/5020240005699001.jpg
2024타경104788,천안지원,D-14,충청남도 천안시 동남구 병천면 가전7길 50-54 외 5필지,건물 274.51㎡(83평) | 토지 4813㎡(1456평),4억3540만3310원,1억4923만2000원 (↓66%),#유찰7회,단독주택,663,https://madangs.cachefly.net/img/2820240104788001.jpg
2024타경2941,서울남부지법,D-1,"서울특별시 강서구 마곡서로 101, 제1층 제147호 (마곡동, 동익드미라벨복합빌딩)",건물 61.2㎡(19평) | 토지 61.2㎡(19평),10억6000만원,5억4272만원 (↓49%),#유찰3회,자동차시설,662,https://madangs.cachefly.net/img/0420240002941001.jpg
2024타경133401,서울남부지법,D-36,서울특별시 구로구 벚꽃로72길 10,건물 295.55㎡(90평) | 토지 179㎡(55평),13억203만3100원,8억3330만1000원 (↓36%),#유찰2회,단독주택,656,https://madangs.cachefly.net/img/0420240133401001.jpg
2024타경105485,대전지법,D-35,"세종특별자치시 새롬중앙로 33, 2층209호 (새롬동,새뜸프라자) 외 1개 호",건물 158.54㎡(48평) | 토지 47.94㎡(15평),13억1200만원,4억5001만6000원 (↓66%),#유찰3회,상가,656,https://madangs.cachefly.net/img/2520240105485001.jpg
2024타경703,부산서부지원,D-16,부산광역시 서구 충무대로34번길 32 외 1필지,건물 1125.5㎡(341평) | 토지 383㎡(116평),28억6285만2020원,10억2604만7000원 (↓64%),#유찰4회,숙박시설,653,https://madangs.cachefly.net/img/4220240000703001.jpg
2024타경51049,서울동부지법,D-34,"서울특별시 성동구 광나루로8길 10, 5층501호 (성수동2가,에이스성수타워1)",건물 175.45㎡(54평) | 토지 48.04㎡(15평),24억6000만원,15억7440만원 (↓36%),#유찰2회,공장,648,https://madangs.cachefly.net/img/0220240051049001.jpg
2024타경73027,고양지원,D-8,경기도 고양시 일산서구 산남로154번길 38 외 2필지,건물 322.34㎡(98평) | 토지 1822㎡(552평),12억6149만3080원,4억3269만2000원 (↓66%),#유찰3회,단독주택,647,https://madangs.cachefly.net/img/0720240073027001.jpg
2023타경6427[3],서울남부지법,D-29,"서울특별시 강서구 강서로45나길 39, 제3층 제303호",건물 29.97㎡(10평) | 토지 18.95㎡(6평),2억7500만원,7209만원 (↓74%),#유찰6회,다세대,644,https://madangs.cachefly.net/img/0420230006427001.jpg
2023타경6528[3],제천지원,D-6,충청북도 단양군 단성면 대잠리 산77,토지 3304㎡(1000평),3304만원,1082만7000원 (↓67%),#유찰5회,임야,638,https://madangs.cachefly.net/img/2320230006528001.jpg
2024타경5430,수원지법,D-7,"경기도 수원시 팔달구 고매로 1, 4층401-1호 (고등동,엘리시아)",건물 62.4㎡(19평) | 토지 14.5㎡(5평),3억5900만원,1억2313만7000원 (↓66%),#유찰3회,단지내상가,636,https://madangs.cachefly.net/img/1020240005430001.jpg
2023타경4706[3],천안지원,D-14,충청남도 천안시 서북구 성환읍 율금2길 110-22,건물 95.17㎡(29평) | 토지 330㎡(100평),1억2187만6950원,4180만4000원 (↓66%),#유찰3회,공장,635,https://madangs.cachefly.net/img/2820230004706001.jpg
2024타경54965,서울서부지법,D-14,서울특별시 서대문구 연희로27가길 48,건물 323.68㎡(98평) | 토지 829.68㎡(251평),43억2891만260원,34억6312만8208원 (↓20%),#유찰1회,단독주택,630,https://madangs.cachefly.net/img/0320240054965001.jpg
2024타경2462,수원지법,D-38,경기도 화성시 병점동 490-13 외 1필지,건물 480.22㎡(146평) | 토지 296㎡(90평),15억1643만6120원,7억4305만4000원 (↓51%),#유찰2회,단독주택,626,https://madangs.cachefly.net/img/1020240002462001.jpg
2023타경1353,고양지원,D-0,"경기도 파주시 탄현면 새오리로 69, 지3층비327호",건물 96.96㎡(30평) | 토지 48.97㎡(15평),4억3500만원,3억450만원 (↓30%),#유찰7회,상가,626,https://madangs.cachefly.net/img/0720230001353001.jpg
2023타경62431,서울동부지법,D-27,"서울특별시 광진구 구의강변로 64, 1층101호 (구의동,구의아크로리버)",건물 212.02㎡(65평) | 토지 37.72㎡(12평),22억6200만원,14억4768만원 (↓36%),#유찰2회,상가,625,https://madangs.cachefly.net/img/0220230062431001.jpg
2023타경550981,인천지법,D-15,"인천광역시 연수구 하모니로 158, 2층씨209호 (송도동,송도타임스페이스)",건물 116.62㎡(36평) | 토지 47㎡(15평),13억원,4억4590만원 (↓66%),#유찰3회,상가,618,https://madangs.cachefly.net/img/0820230550981001.jpg
2020타경15945,의정부지법,D-2,경기도 남양주시 진건읍 사릉로304번길 39-3 외 6필지 외 1개 동,건물 427.97㎡(130평) | 토지 6768㎡(2048평),46억1340만9440원,15억8240만원 (↓66%),#유찰5회,기타,617,https://madangs.cachefly.net/img/0620200015945001.jpg
2023타경110825,서울중앙지법,D-28,서울특별시 동작구 양녕로 27나길25,건물 364.74㎡(111평) | 토지 147㎡(45평),25억1684만800원,20억1347만3000원 (↓20%),#유찰1회,오피스텔(사무),616,https://madangs.cachefly.net/img/0120230110825001.jpg
2024타경103090,대전지법,D-7,세종특별자치시 연기면 보통리 176-1,토지 2528㎡(765평),5억2932만원,1억8155만6000원 (↓66%),#유찰3회,전,612,https://madangs.cachefly.net/img/2520240103090001.jpg
2024타경52478[1],청주지법,D-8,"충청북도 청주시 청원구 주성로96번길 8, 302동 1층 109호 (율량동, 한울아파트)",건물 45.36㎡(14평) | 토지 21.1㎡(7평),8150만원,875만원 (↓89%),#유찰10회,아파트,609,https://madangs.cachefly.net/img/2120240052478001.jpg
2024타경4645,인천지법,D-2,"인천광역시 남동구 구월말로39번길 7, 4동 2층202호 (구월동,우리마을)",건물 37.93㎡(12평) | 토지 13.03㎡(4평),8300만원,4067만원 (↓51%),#유찰2회,다세대,608,https://madangs.cachefly.net/img/0820240004645001.jpg
2024타경70455,고양지원,D-8,경기도 고양시 덕양구 동산동 161-5 외 1필지,토지 632㎡(192평),18억9255만원,6억4914만5000원 (↓66%),#유찰3회,대지,605,https://madangs.cachefly.net/img/0720240070455001.jpg
2024타경89049,수원지법,D-7,"경기도 용인시 수지구 성복1로164번길 13, 209동 1층101호 (성복동,버들치마을성복힐스테이트2차)",건물 153.25㎡(47평) | 토지 85.72㎡(26평),9억5100만원,6억6570만원 (↓30%),#유찰1회,아파트,600,https://madangs.cachefly.net/img/1020240089049001.jpg
2023타경2347,서울동부지법,D-13,"서울특별시 광진구 군자로 49 (화양동,제이에이치빌딩)",건물 1886.59㎡(571평) | 토지 407.9㎡(124평),149억4695만6890원,95억6605만3000원 (↓36%),#유찰2회,상가,599,https://madangs.cachefly.net/img/0220230002347001.jpg
2024타경63375,수원지법,D-7,경기도 용인시 처인구 양지면 반정로 145 외 7필지,건물 199.2㎡(61평) | 토지 2492㎡(754평),6억3844만7600원,3억1283만9000원 (↓51%),#유찰2회,단독주택,593,https://madangs.cachefly.net/img/1020240063375001.jpg
2024타경964[1],통영지원,D-34,경상남도 고성군 동해면 동해로 957 (제가호) 외 2필지 외 2개 동,건물 308.8㎡(94평) | 토지 1359㎡(412평),8억5641만900원,2억8062만9000원 (↓67%),#유찰5회,상가,591,https://madangs.cachefly.net/img/4720240000964001.jpg
2024타경67121,고양지원,D-1,"경기도 고양시 덕양구 동송로 33, 104동 10층1004호 (동산동, 이편한세상시티삼송)",건물 77.51㎡(24평) | 토지 26.31㎡(8평),5억4000만원,3억7800만원 (↓30%),#유찰1회,오피스텔(사무),587,https://madangs.cachefly.net/img/0720240067121001.jpg
2024타경3689,서울중앙지법,D-14,서울특별시 종로구 인사동길 20-16 외 3필지,건물 155.04㎡(47평) | 토지 219.24㎡(67평),24억5006만2000원,15억6803만9000원 (↓36%),#유찰2회,상가,585,https://madangs.cachefly.net/img/0120240003689001.jpg
2023타경3272,서울동부지법,D-27,"서울특별시 광진구 광나루로 369, 지하1층비-113호 (군자동,광진두산위브파크)",건물 161.96㎡(49평) | 토지 69.04㎡(21평),14억4000만원,7억3728만원 (↓49%),#유찰3회,상가,582,https://madangs.cachefly.net/img/0220230003272001.jpg
2024타경110297,서울중앙지법,D-9,"서울특별시 서초구 명달로28길 66, 1층101호",건물 42.44㎡(13평) | 토지 7.98㎡(3평),1억7200만원,1억3760만원 (↓20%),#유찰1회,상가,581,https://madangs.cachefly.net/img/0120240110297001.jpg
2024타경65760,부산지법,D-17,"부산광역시 연제구 종합운동장로12번길 8, 102동 17층1702호 (거제동,월드마크아시아드)",건물 102.38㎡(31평) | 토지 22.02㎡(7평),9억1000만원,6억3700만원 (↓30%),#유찰1회,아파트,577,https://madangs.cachefly.net/img/4020240065760001.jpg
2023타경7500,울산지법,D-16,경상남도 양산시 물금읍 범어리 591-1 외 2필지,토지 608㎡(184평),9억3054만원,3억1917만6000원 (↓66%),#유찰3회,대지,577,https://madangs.cachefly.net/img/4320230007500001.jpg
2024타경484,홍성지원,D-28,충청남도 보령시 해수욕장1길 15 외 1필지,건물 2978.06㎡(901평) | 토지 1362.1㎡(412평),53억6119만6280원,9억105만6000원 (↓83%),#유찰5회,상가,576,https://madangs.cachefly.net/img/2620240000484001.jpg
2024타경66104,고양지원,D-15,"경기도 파주시 청암로 75, 1층119호 (다율동,상상메디컬프라자)",건물 150.82㎡(46평) | 토지 38.19㎡(12평),24억2200만원,8억3074만6000원 (↓66%),#유찰3회,상가,573,https://madangs.cachefly.net/img/0720240066104001.jpg
2024타경1481,서울남부지법,D-1,"서울특별시 양천구 목동동로 401, 제25층 제2503호 (목동, 부영그린타운2차)",건물 137㎡(42평) | 토지 17.2㎡(6평),18억1000만원,18억1000만원,#신건,아파트,571,https://madangs.cachefly.net/img/0420240001481001.jpg
2024타경5271,대구지법,D-8,경상북도 경산시 진량읍 봉회1길 17-5,건물 36.98㎡(12평) | 토지 139㎡(42평),9086만2920원,1527만1000원 (↓83%),#유찰5회,단독주택,571,https://madangs.cachefly.net/img/3120240005271001.jpg
2024타경1857,광주지법,D-22,"광주광역시 광산구 용아로 421, 1층 101호 (하남동,더나은빌딩) 외 10개 호",건물 1723.96㎡(522평) | 토지 426.2㎡(129평),71억2400만원,31억9155만2000원 (↓55%),#유찰5회,상가,566,https://madangs.cachefly.net/img/5020240001857001.jpg
2023타경14591[1],인천지법,D-16,"인천광역시 남동구 예술로 198, 2층244호",건물 55.34㎡(17평) | 토지 23.84㎡(8평),1억9800만원,798만9000원 (↓96%),#유찰9회,상가,564,https://madangs.cachefly.net/img/0820230014591001.jpg
2024타경171[1],서울동부지법,D-20,"서울특별시 송파구 위례광장로 188, 7층718호 (장지동,아이온스퀘어)",건물 63.57㎡(20평) | 토지 13.02㎡(4평),3억7300만원,1억9097만6000원 (↓49%),#유찰3회,상가,564,https://madangs.cachefly.net/img/0220240000171001.jpg
2024타경524552,인천지법,D-7,"인천광역시 부평구 굴포로 105, 107동 3층303호 (삼산동,삼산타운1단지아파트)",건물 59.99㎡(19평) | 토지 40.47㎡(13평),4억1700만원,2억9190만원 (↓30%),#유찰1회,아파트,560,https://madangs.cachefly.net/img/0820240524552001.jpg
2022타경103912[1],안양지원,D-7,"경기도 안양시 동안구 엘에스로116번길 25-32, 지1층비114호 (호계동,안양에스케이브이1센터)",건물 246.87㎡(75평) | 토지 67.48㎡(21평),8억8400만원,2억8966만9100원 (↓67%),#유찰5회,공장,558,https://madangs.cachefly.net/img/1520220103912001.jpg
2024타경101737,울산지법,D-28,울산광역시 울주군 삼동면 조일1길 25 외 3필지,건물 187.3㎡(57평) | 토지 3226㎡(976평),12억3629만8000원,4억2405만원 (↓66%),#유찰3회,상가,553,https://madangs.cachefly.net/img/4320240101737001.jpg
2024타경121029,서울북부지법,D-0,"서울특별시 중랑구 용마산로45길 18, 1층2호",건물 50.25㎡(16평) | 토지 53.4㎡(17평),3억1000만원,2억4800만원 (↓20%),#유찰1회,연립,550,https://madangs.cachefly.net/img/0520240121029001.jpg
2022타경103912[2],안양지원,D-7,"경기도 안양시 동안구 엘에스로116번길 25-32, 지1층비115호 (호계동,안양에스케이브이1센터)",건물 174.63㎡(53평) | 토지 47.73㎡(15평),6억4100만원,2억1004만2900원 (↓67%),#유찰5회,공장,549,https://madangs.cachefly.net/img/1520220103912001.jpg
2024타경74327,고양지원,D-44,경기도 고양시 일산서구 구산로101번길 58-19,건물 25.49㎡(8평) | 토지 238㎡(72평),1억9623만580원,9615만3000원 (↓51%),#유찰2회,단독주택,547,https://madangs.cachefly.net/img/0720240074327001.jpg
2024타경79572,의정부지법,D-29,"경기도 양주시 옥정로7길 9-19, 1층 109호",건물 36.48㎡(11평) | 토지 19.73㎡(6평),5억1000만원,1억7493만원 (↓66%),#유찰3회,상가,546,https://madangs.cachefly.net/img/0620240079572001.jpg
2022타경683,평택지원,D-34,경기도 평택시 안중읍 안현로 533 (주건축물제1동) 외 21필지 외 3개 동,건물 2295.9㎡(695평) | 토지 37622㎡(11381평),301억1963만2900원,147억5862만121원 (↓51%),#유찰6회,자동차시설,544,https://madangs.cachefly.net/img/1320220000683001.jpg
2024타경7536,대전지법,D-1,대전광역시 서구 월평로87번길 29,건물 344.04㎡(105평) | 토지 208.8㎡(64평),13억9897만3200원,9억7928만1000원 (↓30%),#유찰1회,사무실,542,https://madangs.cachefly.net/img/2520240007536001.jpg
2024타경1541[18],서울서부지법,D-0,"서울특별시 마포구 대흥로24길 27(염리동), 5층503호 (염리동,우리파크아파트)",건물 25㎡(8평) | 토지 19.43㎡(6평),8억1300만원,5억2032만원 (↓36%),#유찰2회,아파트,538,https://madangs.cachefly.net/img/0320240001541001.jpg
2023타경6678,부천지원,D-16,"경기도 김포시 고촌읍 아라육로152번길 169, 6층624호 (라마다앙코르김포한강호텔)",건물 21.7㎡(7평) | 토지 7.5㎡(3평),1억2800만원,3073만3000원 (↓76%),#유찰4회,숙박시설,538,https://madangs.cachefly.net/img/0920230006678001.jpg
2023타경546791,인천지법,D-22,인천광역시 강화군 강화읍 대월로 86-31 외 1필지,건물 136.51㎡(42평) | 토지 879㎡(266평),3억7537만2850원,1억8393만2000원 (↓51%),#유찰2회,단독주택,534,https://madangs.cachefly.net/img/0820230546791001.jpg
2024타경76098,수원지법,D-10,경기도 화성시 팔탄면 서낭목길 22-13 외 2필지 외 1개 동,건물 174.36㎡(53평) | 토지 1216㎡(368평),6억2813만8120원,3억778만8000원 (↓51%),#유찰2회,단독주택,531,https://madangs.cachefly.net/img/1020240076098001.jpg
2024타경3566,서울중앙지법,D-28,서울특별시 종로구 창의문로11길 14 외 2필지,건물 1696.88㎡(514평) | 토지 614㎡(186평),57억7808만7400원,36억9797만6000원 (↓36%),#유찰2회,단독주택,531,https://madangs.cachefly.net/img/0120240003566001.jpg
2023타경3251[4],남양주지원,D-1,경기도 가평군 청평면 호명리 365-10 외 1필지,토지 2020㎡(612평),5억3784만8000원,1억2913만7400원 (↓76%),#유찰4회,대지,530,https://madangs.cachefly.net/img/6120230003251001.jpg
2023타경75187,고양지원,D-7,경기도 고양시 일산서구 덕이동 1126,토지 3458㎡(1046평),27억7331만6000원,6억6587만4000원 (↓76%),#유찰4회,답,527,https://madangs.cachefly.net/img/0720230075187001.jpg
2023타경3151,충주지원,D-20,"충청북도 충주시 예성로 151, 1층101호 외 4필지",건물 60㎡(19평) | 토지 31.03㎡(10평),5억9500만원,7986만원 (↓87%),#유찰9회,상가,526,https://madangs.cachefly.net/img/2220230003151001.jpg
2024타경1673,광주지법,D-8,광주광역시 동구 용산동 675,토지 532㎡(161평),25억40만원,7억1691만4560원 (↓71%),#유찰5회,대지,526,https://madangs.cachefly.net/img/5020240001673001.jpg
2024타경133487,서울남부지법,D-42,서울특별시 강서구 화곡동 488-8,토지 281㎡(85평),10억7623만원,5억5103만원 (↓49%),#유찰3회,대지,522,https://madangs.cachefly.net/img/0420240133487001.jpg
2024타경50018[2],순천지원,D-6,전라남도 순천시 왕지동 산145-2,토지 16304㎡(4932평),7475만원,3348만8000원 (↓55%),#유찰3회,임야,520,https://madangs.cachefly.net/img/5320240050018001.jpg
2023타경4834[13],서울남부지법,D-36,"서울특별시 영등포구 가마산로88길 25, 제5층 제502호 (신길동, 루시)",건물 29.76㎡(9평) | 토지 19.44㎡(6평),3억1000만원,1억5872만원 (↓49%),#유찰3회,다세대,520,https://madangs.cachefly.net/img/0420230004834001.jpg
2024타경50540[1],청주지법,D-2,충청북도 청주시 서원구 현도면 하석리 252-1,토지 1126㎡(341평),7454만4000원,1563만3000원 (↓79%),#유찰7회,과수원,520,https://madangs.cachefly.net/img/2120240050540001.jpg
2023타경4834[11],서울남부지법,D-36,"서울특별시 영등포구 가마산로88길 25, 제4층 제402호 (신길동, 루시)",건물 29.8㎡(9평) | 토지 19.47㎡(6평),3억1540만원,2억185만6000원 (↓36%),#유찰2회,다세대,519,https://madangs.cachefly.net/img/0420230004834001.jpg
2024타경563526,인천지법,D-9,"인천광역시 연수구 해돋이로 107, 6동 8층804호 (송도동,송도더샵퍼스트월드)",건물 125.97㎡(39평) | 토지 46.72㎡(15평),10억200만원,7억140만원 (↓30%),#유찰1회,아파트,518,https://madangs.cachefly.net/img/0820240563526001.jpg
2023타경4659[3],창원지법,D-29,경상남도 창원시 진해구 충장로82번길 17-1,건물 296.4㎡(90평) | 토지 112.4㎡(34평),2억7236만9600원,1억3945만3300원 (↓49%),#유찰6회,상가,518,https://madangs.cachefly.net/img/4420230004659001.jpg
2023타경3447,성남지원,D-6,경기도 광주시 퇴촌면 관음리 722-6 외 4필지,토지 2298㎡(696평),9억9416만5000원,3억4099만9000원 (↓66%),#유찰3회,답,515,https://madangs.cachefly.net/img/1120230003447001.jpg
2024타경62771,성남지원,D-6,"경기도 광주시 경충대로1461번길 43, 107동 3층303호 (쌍령동,광주센트럴푸르지오)",건물 84.91㎡(26평) | 토지 75.06㎡(23평),4억7400만원,3억3180만원 (↓30%),#유찰1회,아파트,514,https://madangs.cachefly.net/img/1120240062771001.jpg
2023타경1864,전주지법,D-13,전라북도 완주군 소양면 신교리 265-2 외 4필지,토지 6539㎡(1978평),9억9241만1000원,1억1675만6500원 (↓88%),#유찰6회,도로,514,https://madangs.cachefly.net/img/5520230001864001.jpg
2023타경48903,평택지원,D-27,"경기도 안성시 원곡면 방삼길 60-6, 2층201호 (비동)",건물 179.52㎡(55평) | 토지 551㎡(167평),3억1400만원,5277만4000원 (↓83%),#유찰3회,다세대,511,https://madangs.cachefly.net/img/1320230048903001.jpg
2024타경69813,고양지원,D-8,"경기도 고양시 덕양구 꽃마을로 66(향동동), 9층932호 (향동동,한일미디어타워)",건물 36.3㎡(11평) | 토지 6.76㎡(2평),2억3200만원,5570만3000원 (↓76%),#유찰4회,사무실,510,https://madangs.cachefly.net/img/0720240069813001.jpg
2024타경1530,통영지원,D-13,"경상남도 거제시 장목면 흥남길 36, 1층,제2층1호 (주건축물제1동) 외 2개 호",건물 400.78㎡(122평) | 토지 422㎡(128평),24억8700만원,6억5195만2000원 (↓74%),#유찰6회,상가,506,https://madangs.cachefly.net/img/4720240001530001.jpg
2023타경4858,대구서부지원,D-2,"대구광역시 달서구 구마로26안길 29, 4층402호 (본동,해성빌라)",건물 69.96㎡(22평) | 토지 58.41㎡(18평),1억5500만원,3721만5000원 (↓76%),#유찰8회,다세대,506,https://madangs.cachefly.net/img/3920230004858001.jpg
2024타경1943,통영지원,D-6,경상남도 거제시 장목면 옥포대첩로 1117-22 (주2동) 외 2필지,건물 163.94㎡(50평) | 토지 1506㎡(456평),8억8076만8680원,2억3088만8440원 (↓74%),#유찰6회,단독주택,505,https://madangs.cachefly.net/img/4720240001943001.jpg
2023타경3864,진주지원,D-20,경상남도 산청군 단성면 호암로673번길 22-4 외 1필지,건물 189㎡(58평) | 토지 2066㎡(625평),2억8512만4000원,1억1678만6000원 (↓59%),#유찰4회,단독주택,500,https://madangs.cachefly.net/img/4620230003864001.jpg
2021타경32918[1],여주지원,D-8,경기도 양평군 용문면 다문리 645-7 외 3필지,토지 312㎡(95평),2억7837만4000원,9548만2000원 (↓66%),#유찰6회,대지,499,https://madangs.cachefly.net/img/1220210032918001.jpg
2024타경1514,대전지법,D-1,대전광역시 서구 도마로37번길 31,건물 617.93㎡(187평) | 토지 379.5㎡(115평),18억615만9300원,8억8501만7000원 (↓51%),#유찰2회,다가구,495,https://madangs.cachefly.net/img/2520240001514001.jpg
2020타경9307[3],통영지원,D-6,"경상남도 거제시 문동4길 10-8 (문동동,주1동) 외 3필지",건물 177.75㎡(54평) | 토지 1306㎡(396평),4억1667만9438원,8738만4000원 (↓79%),#유찰7회,단독주택,494,https://madangs.cachefly.net/img/4720200009307001.jpg
2024타경5984,청주지법,D-29,충청북도 보은군 회남면 사담길 36-9 외 1필지,건물 163.15㎡(50평) | 토지 2603㎡(788평),7억7348만2700원,3억9602만2000원 (↓49%),#유찰3회,단독주택,493,https://madangs.cachefly.net/img/2120240005984001.jpg
2022타경82840,의정부지법,D-2,경기도 동두천시 상패로65번길 156-7,건물 164.12㎡(50평) | 토지 634㎡(192평),4억334만5720원,9684만3110원 (↓76%),#유찰4회,단독주택,493,https://madangs.cachefly.net/img/0620220082840001.jpg
2023타경3093,진주지원,D-20,경상남도 사천시 사천읍 옥돌길 21-10 외 1필지 외 1개 동,건물 748.45㎡(227평) | 토지 2912㎡(881평),28억2769만2960원,4억7440만8000원 (↓83%),#유찰8회,종교시설,492,https://madangs.cachefly.net/img/4620230003093001.jpg
2020타경3878[18],서울남부지법,D-1,서울특별시 구로구 고척동 241-22 102동 5층501호,건물 27.96㎡(9평),1억2700만원,3329만2000원 (↓74%),#유찰6회,다세대,489,https://madangs.cachefly.net/img/0420200003878001.jpg
2024타경1043,안산지원,D-7,"경기도 시흥시 장현능곡로 155, 1층1005호 (능곡동,시흥플랑드르)",건물 43.34㎡(14평) | 토지 23.75㎡(8평),4억7500만원,7983만3000원 (↓83%),#유찰5회,상가,487,https://madangs.cachefly.net/img/1420240001043001.jpg
2024타경126151,서울남부지법,D-21,"서울특별시 금천구 가산로 99, 제114동 제2층 제204호 (가산동,두산위브아파트)",건물 59.84㎡(19평) | 토지 23.83㎡(8평),5억8400만원,4억6720만원 (↓20%),#유찰1회,아파트,486,https://madangs.cachefly.net/img/0420240126151001.jpg
2024타경108423,안양지원,D-35,"경기도 안양시 동안구 경수대로623번길 46, 102동 6층603호 (호계동,럭키호계아파트)",건물 84.79㎡(26평) | 토지 44.14㎡(14평),5억8600만원,4억6880만원 (↓20%),#유찰1회,아파트,484,https://madangs.cachefly.net/img/1520240108423001.jpg
2024타경50959,수원지법,D-3,"경기도 용인시 기흥구 동백죽전대로 333, 101-301동부대시설동 지3층213호 (중동,스프링카운티자이)",건물 70.31㎡(22평) | 토지 136.25㎡(42평),8억9000만원,2억1368만9000원 (↓76%),#유찰4회,상가,483,https://madangs.cachefly.net/img/1020240050959001.jpg
2024타경59123,수원지법,D-36,"경기도 화성시 동탄순환대로29길 56, 1층102호",건물 89.38㎡(27평) | 토지 64.47㎡(20평),14억6000만원,3억5054만6000원 (↓76%),#유찰4회,상가,483,https://madangs.cachefly.net/img/1020240059123001.jpg
2024타경536647,인천지법,D-1,"인천광역시 미추홀구 인주대로408번길 25-33, 2층201호",건물 42.41㎡(13평) | 토지 33.92㎡(11평),9100만원,4459만원 (↓51%),#유찰2회,다세대,480,https://madangs.cachefly.net/img/0820240536647001.jpg
2024타경111281,천안지원,D-6,충청남도 아산시 둔포면 운용리 337-200,토지 497㎡(151평),3억9252만9000원,6597만2000원 (↓83%),#유찰5회,임야,480,https://madangs.cachefly.net/img/2820240111281001.jpg
2024타경59977,서울서부지법,D-0,서울특별시 은평구 진관동 355-1,토지 454㎡(138평),13억1660만원,8억4262만4000원 (↓36%),#유찰2회,대지,478,https://madangs.cachefly.net/img/0320240059977001.jpg
2024타경32698,여주지원,D-1,경기도 여주시 북내면 가정1길 30 ((11)) 외 1필지,건물 56.42㎡(18평) | 토지 1022㎡(310평),2억2456만3640원,1억1003만7000원 (↓51%),#유찰2회,단독주택,478,https://madangs.cachefly.net/img/1220240032698001.jpg
2023타경4900,여주지원,D-8,"경기도 여주시 점곡길 10-3, 103동 1층102호 (멱곡동,정광휴레나아파트)",건물 84.91㎡(26평) | 토지 73.22㎡(23평),1억8200만원,1억2740만원 (↓30%),#유찰1회,아파트,477,https://madangs.cachefly.net/img/1220230004900001.jpg
2024타경4420,부산지법,D-29,부산광역시 동래구 아시아드대로134번길 79,건물 161.6㎡(49평) | 토지 191.4㎡(58평),7억4410만6800원,3억6461만3000원 (↓51%),#유찰2회,다가구,474,https://madangs.cachefly.net/img/4020240004420001.jpg
2023타경2345[2],성남지원,D-6,경기도 광주시 도척면 방도리 67-5 1동 외 3필지 외 6개 동,건물 667.31㎡(202평) | 토지 3398㎡(1028평),26억9546만360원,6억4718만원 (↓76%),#유찰4회,단독주택,472,https://madangs.cachefly.net/img/1120230002345001.jpg
2024타경4414,대전지법,D-7,"세종특별자치시 한누리대로 291, 1동 2층203호 (나성동,포레뷰투도시형생활주택 주건축물)",건물 102.09㎡(31평) | 토지 30.56㎡(10평),8억8600만원,2억1272만8000원 (↓76%),#유찰4회,상가,468,https://madangs.cachefly.net/img/2520240004414001.jpg
2024타경121869,대전지법,D-16,"대전광역시 서구 둔산로 223, 8동 7층 706호 (둔산동,청솔아파트)",건물 164.03㎡(50평) | 토지 78.96㎡(24평),8억원,5억6000만원 (↓30%),#유찰1회,아파트,468,https://madangs.cachefly.net/img/2520240121869001.jpg
2024타경5037,제주지법,D-14,제주특별자치도 서귀포시 표선면 세화리 2192-1,건물 99.72㎡(31평) | 토지 661.72㎡(201평),4억176만6000원,1억9686만5000원 (↓51%),#유찰2회,단독주택,467,https://madangs.cachefly.net/img/5920240005037001.jpg
2024타경553,서울동부지법,D-27,"서울특별시 송파구 올림픽로 203 (잠실동,1층) 외 3개 동",건물 21782.42㎡(6590평),57억7300만원,46억1840만원 (↓20%),#유찰1회,상가,465,https://madangs.cachefly.net/img/0220240000553001.jpg
2024타경81297,광주지법,D-15,"광주광역시 서구 상무대로902번길 15, 제가동 제2층 제209호",건물 63㎡(20평) | 토지 60.8㎡(19평),8200만원,3673만6000원 (↓55%),#유찰3회,연립,464,https://madangs.cachefly.net/img/5020240081297001.jpg
2024타경108286,서울북부지법,D-28,"서울특별시 동대문구 한천로6길 26, 비동 1층101호 (장안동,홀가하우스)",건물 54㎡(17평) | 토지 23.11㎡(7평),4억2800만원,2억7392만원 (↓36%),#유찰3회,상가,462,https://madangs.cachefly.net/img/0520240108286001.jpg
2023타경38563,진주지원,D-6,"경상남도 진주시 에나로 103-7, 1층107호 (충무공동,우람빌딩)",건물 67.3㎡(21평) | 토지 14.97㎡(5평),4억8100만원,8069만8000원 (↓83%),#유찰8회,상가,462,https://madangs.cachefly.net/img/4620230038563001.jpg
2023타경4733[3],여주지원,D-8,경기도 이천시 대월면 대대리 283-21,토지 245㎡(75평),5316만5000원,2605만1000원 (↓51%),#유찰2회,임야,460,https://madangs.cachefly.net/img/1220230004733001.jpg
2022타경512944[1],인천지법,D-24,"인천광역시 미추홀구 경인로 157, 2층202호 (도화동,행복타운)",건물 59.86㎡(19평) | 토지 16.3㎡(5평),1억6900만원,8281만원 (↓51%),#유찰2회,다세대,459,https://madangs.cachefly.net/img/0820220512944001.jpg
2023타경4460[2],광주지법,D-3,"광주광역시 서구 전평길 41, 지하1층103호",건물 175.77㎡(54평) | 토지 182.93㎡(56평),6억3500만원,2억2758만4000원 (↓64%),#유찰4회,상가,458,https://madangs.cachefly.net/img/5020230004460001.jpg
2024타경4419,부천지원,D-28,"경기도 김포시 김포한강11로 322, 1층146호 (운양동,더파크뷰테라스)",건물 41㎡(13평) | 토지 19.35㎡(6평),6억9000만원,5682만5000원 (↓92%),#유찰7회,상가,452,https://madangs.cachefly.net/img/0920240004419001.jpg
2024타경33219,여주지원,D-1,경기도 이천시 대월면 사동리 142-2,토지 397㎡(121평),8178만2000원,2805만1000원 (↓66%),#유찰3회,전,452,https://madangs.cachefly.net/img/1220240033219001.jpg
2024타경123392,서울중앙지법,D-7,"서울특별시 동작구 상도로13길 12 (상도동,청운)",건물 441.18㎡(134평) | 토지 218㎡(66평),36억1987만3000원,28억9589만8000원 (↓20%),#유찰1회,기타,451,https://madangs.cachefly.net/img/0120240123392001.jpg
2024타경1858[1],수원지법,D-1,경기도 화성시 서신면 개묵이길 22,건물 101.97㎡(31평) | 토지 996.97㎡(302평),4억6249만2600원,2억2662만2000원 (↓51%),#유찰2회,단독주택,448,https://madangs.cachefly.net/img/1020240001858001.jpg
2024타경3690,부산동부지원,D-13,부산광역시 기장군 일광읍 신평리 83 외 1필지,토지 268㎡(82평),4억5643만원,1억958만9000원 (↓76%),#유찰4회,대지,447,https://madangs.cachefly.net/img/4120240003690001.jpg
2024타경55523[1],서산지원,D-28,충청남도 태안군 남면 우운길 116 외 2필지,건물 55㎡(17평) | 토지 1099㎡(333평),1억8219만5000원,6249만3000원 (↓66%),#유찰3회,단독주택,446,https://madangs.cachefly.net/img/3020240055523001.jpg
2023타경304218,원주지원,D-34,강원특별자치도 원주시 흥업면 사제리 799-4,토지 705㎡(214평),1억786만5000원,3699만8000원 (↓66%),#유찰5회,전,445,https://madangs.cachefly.net/img/1820230304218001.jpg
2023타경44311,부천지원,D-16,"경기도 김포시 김포한강9로115번길 11, 1층108호 외 3개 호",건물 3218.79㎡(974평) | 토지 1369.4㎡(415평),8억900만원,9517만8000원 (↓88%),#유찰6회,상가,441,https://madangs.cachefly.net/img/0920230044311001.jpg
2024타경52478[2],청주지법,D-8,"충청북도 청주시 청원구 주성로96번길 8, 302동 6층 607호 (율량동, 한울아파트)",건물 45.36㎡(14평) | 토지 21.1㎡(7평),8400만원,901만8000원 (↓89%),#유찰10회,아파트,439,https://madangs.cachefly.net/img/2120240052478001.jpg
2024타경336,제천지원,D-27,충청북도 제천시 강저로7길 60-16 외 3필지,건물 199.22㎡(61평) | 토지 2832㎡(857평),9억6099만4400원,2억5191만9300원 (↓74%),#유찰6회,단독주택,438,https://madangs.cachefly.net/img/2320240000336001.jpg
2024타경3695,대전지법,D-7,"세종특별자치시 가름로 253, 1층106호 (어진동,호수의아침)",건물 36㎡(11평) | 토지 5.69㎡(2평),5억8700만원,9865만7000원 (↓83%),#유찰5회,상가,438,https://madangs.cachefly.net/img/2520240003695001.jpg
2024타경1509,성남지원,D-27,경기도 광주시 곤지암읍 연곡길 84,건물 166.71㎡(51평) | 토지 555㎡(168평),3억8055만8780원,1억8647만4000원 (↓51%),#유찰2회,단독주택,438,https://madangs.cachefly.net/img/1120240001509001.jpg
2024타경5461,천안지원,D-6,"충청남도 천안시 서북구 불당22대로 79, 4층403호",건물 125.37㎡(38평) | 토지 51.77㎡(16평),6억200만원,2억9498만원 (↓51%),#유찰2회,상가,438,https://madangs.cachefly.net/img/2820240005461001.jpg
2024타경8324,대구지법,D-27,"대구광역시 중구 남산로1길 82-1 (남산동,주건축물제1동) 외 1개 동",건물 165.37㎡(50평) | 토지 134㎡(41평),6억35만3200원,2억592만1000원 (↓66%),#유찰3회,단독주택,437,https://madangs.cachefly.net/img/3120240008324001.jpg
2024타경107066,부산동부지원,D-20,"부산광역시 해운대구 해운대해변로 85, 106동 18층1806호 (우동,경동마리나아파트)",건물 59.53㎡(18평) | 토지 20.1㎡(7평),4억6400만원,3억2480만원 (↓30%),#유찰1회,아파트,437,https://madangs.cachefly.net/img/4120240107066001.jpg
2024타경63767,성남지원,D-6,"경기도 성남시 수정구 수정남로 171, 1동 2층202호 (신흥동,베네스트주건축물)",건물 85.29㎡(26평) | 토지 30.34㎡(10평),3억4000만원,2억3800만원 (↓30%),#유찰1회,상가,435,https://madangs.cachefly.net/img/1120240063767001.jpg
2024타경1829,포항지원,D-13,경상북도 포항시 북구 우현동 우현1지구토지구획정리지구13블럭4롯트,건물 213.54㎡(65평),2억3642만760원,8109만2000원 (↓66%),#유찰3회,단독주택,435,https://madangs.cachefly.net/img/3820240001829001.jpg
2024타경52478[3],청주지법,D-8,"충청북도 청주시 청원구 주성로96번길 8, 302동 11층 1102호 (율량동, 한울아파트)",건물 45.36㎡(14평) | 토지 21.1㎡(7평),8650만원,1388만8000원 (↓84%),#유찰7회,아파트,432,https://madangs.cachefly.net/img/2120240052478001.jpg
2023타경60191[2],서산지원,D-7,충청남도 당진시 신평면 금천리 산24-2,토지 298㎡(91평),3754만8000원,631만1000원 (↓83%),#유찰5회,임야,432,https://madangs.cachefly.net/img/3020230060191001.jpg
2024타경52554[3],서울동부지법,D-6,"서울특별시 송파구 백제고분로51길 7, 2층209호 (방이동,잠실엘퍼스트오피스텔)",건물 47.52㎡(15평) | 토지 8.11㎡(3평),8억6200만원,4억4134만4000원 (↓49%),#유찰3회,상가,432,https://madangs.cachefly.net/img/0220240052554001.jpg
2024타경506,통영지원,D-41,경상남도 고성군 하이면 상족암로 213-30 외 1필지,건물 118㎡(36평) | 토지 329㎡(100평),2억2158만8000원,1억1345만3000원 (↓49%),#유찰3회,단독주택,431,https://madangs.cachefly.net/img/4720240000506001.jpg
2024타경4529,천안지원,D-41,충청남도 아산시 신창면 가덕리 51-2,토지 1652.9㎡(500평),7107만4700원,2437만8000원 (↓66%),#유찰3회,답,431,https://madangs.cachefly.net/img/2820240004529001.jpg
2024타경3925,제주지법,D-14,"제주특별자치도 제주시 우령서로18길 28-2 (외도일동,105동)",건물 84.07㎡(26평) | 토지 1914㎡(579평),4억9098만2020원,2억4058만1000원 (↓51%),#유찰2회,단독주택,430,https://madangs.cachefly.net/img/5920240003925001.jpg
2023타경36055,진주지원,D-6,"경상남도 진주시 진양호로239번길 13, 204동 6층602호 (평거동,평거하우스토리아파트)",건물 152.9㎡(47평) | 토지 81.9㎡(25평),5억400만원,4억320만원 (↓20%),#유찰1회,아파트,430,https://madangs.cachefly.net/img/4620230036055001.jpg
2024타경43875,평택지원,D-41,경기도 평택시 진위면 동천리 산127-1,토지 23079㎡(6982평),12억9242만4000원,6억3328만7760원 (↓51%),#유찰5회,임야,429,https://madangs.cachefly.net/img/1320240043875001.jpg
2023타경6818[3],진주지원,D-6,"경상남도 진주시 에나로175번길 12(충무공동), 판매및근린생활시설센트럴에비뉴 2층2007호 (충무공동,진주혁신도시중흥에스-클래스센트럴시티3단지)",건물 44.51㎡(14평) | 토지 14.79㎡(5평),2억3300만원,7635만원 (↓67%),#유찰5회,상가,429,https://madangs.cachefly.net/img/4620230006818001.jpg
2023타경4627[1],부산동부지원,D-13,부산광역시 기장군 장안읍 월내리 81,토지 288㎡(88평),5억3856만원,2억2059만3600원 (↓59%),#유찰4회,대지,427,https://madangs.cachefly.net/img/4120230004627001.jpg
2024타경64570,청주지법,D-7,"충청북도 청주시 청원구 오창읍 오창공원로 96, 105동 7층 704호 (한신더휴센트럴파크)",건물 84.98㎡(26평) | 토지 17.33㎡(6평),5억200만원,3억5140만원 (↓30%),#유찰1회,아파트,424,https://madangs.cachefly.net/img/2120240064570001.jpg
2024타경1861,전주지법,D-20,전북특별자치도 전주시 완산구 안행로 65,건물 312.5㎡(95평) | 토지 744.4㎡(226평),11억7519만3200원,5억7584만5000원 (↓51%),#유찰3회,주유소,423,https://madangs.cachefly.net/img/5520240001861001.jpg
2024타경101583,서울중앙지법,D-7,"서울특별시 동작구 노들로2길 7, 1층에이104호 (노량진동,노량진드림스퀘어복합빌딩) 외 1개 호",건물 67.08㎡(21평) | 토지 16.78㎡(6평),18억800만원,7억4055만6000원 (↓59%),#유찰4회,상가,423,https://madangs.cachefly.net/img/0120240101583001.jpg
2024타경559[2],해남지원,D-20,전라남도 해남군 화원면 영호리 산130,토지 61358㎡(18561평),2억7611만1000원,5066만6000원 (↓82%),#유찰7회,임야,422,https://madangs.cachefly.net/img/5420240000559001.jpg
2024타경3571,진주지원,D-6,"경상남도 진주시 진주대로404번길 17-11, 1층101호 외 19개 호",건물 348.28㎡(106평) | 토지 686.92㎡(208평),7억3000만원,3억7376만원 (↓49%),#유찰3회,다세대,421,https://madangs.cachefly.net/img/4620240003571001.jpg
2024타경71499,수원지법,D-10,"경기도 오산시 세마역로 95, 1층118호 (세교동,세교테라스뷰)",건물 68.87㎡(21평) | 토지 17.5㎡(6평),12억7000만원,3억492만7000원 (↓76%),#유찰4회,상가,420,https://madangs.cachefly.net/img/1020240071499001.jpg
2024타경2444,서산지원,D-36,충청남도 당진시 면천면 성하로 77-29 외 1필지,건물 134.48㎡(41평) | 토지 590㎡(179평),2억9236만9200원,1억28만3000원 (↓66%),#유찰3회,단독주택,417,https://madangs.cachefly.net/img/3020240002444001.jpg
2023타경48996,평택지원,D-28,"경기도 평택시 안중읍 서동대로 1906, 2동 1층111호",건물 60.5㎡(19평) | 토지 153.02㎡(47평),2억6400만원,6338만7000원 (↓76%),#유찰4회,상가,415,https://madangs.cachefly.net/img/1320230048996001.jpg
2024타경32893,제주지법,D-0,제주특별자치도 서귀포시 안덕면 화순서동로56번길 20-3,건물 206.28㎡(63평) | 토지 303㎡(92평),5억6000만2800원,2억7440만1000원 (↓51%),#유찰2회,다가구,413,https://madangs.cachefly.net/img/5920240032893001.jpg
2024타경79132,남양주지원,D-21,경기도 구리시 안골로20번길 5,건물 349.47㎡(106평) | 토지 194.3㎡(59평),11억8355만2940원,5억7994만1000원 (↓51%),#유찰2회,상가,413,https://madangs.cachefly.net/img/6120240079132001.jpg
2024타경61246,서울서부지법,D-21,서울특별시 은평구 불광로8길 6-1,건물 431.07㎡(131평) | 토지 169㎡(52평),21억6447만9100원,13억8526만6000원 (↓36%),#유찰2회,상가,412,https://madangs.cachefly.net/img/0320240061246001.jpg
2024타경101700,창원지법,D-29,경상남도 창원시 의창구 북면 월계길116번길 36,건물 68.58㎡(21평) | 토지 799.58㎡(242평),2억1498만5200원,1억1007만2500원 (↓49%),#유찰8회,단독주택,412,https://madangs.cachefly.net/img/4420240101700001.jpg
2024타경111191,서울중앙지법,D-7,"서울특별시 관악구 법원단지5라길 3, 5층502호 (신림동,로얄하이츠)",건물 25.73㎡(8평) | 토지 16.17㎡(5평),1억5500만원,3250만5000원 (↓79%),#유찰7회,다세대,410,https://madangs.cachefly.net/img/0120240111191001.jpg
2020타경63124,수원지법,D-28,"경기도 화성시 서신면 전곡산단8나길 18, 1층103호 (더경프라자1동) 외 35개 호",건물 7552.91㎡(2285평) | 토지 3398.64㎡(1029평),91억8700만원,31억5114만1000원 (↓66%),#유찰8회,상가,408,https://madangs.cachefly.net/img/1020200063124001.jpg
2024타경52554[2],서울동부지법,D-6,"서울특별시 송파구 백제고분로51길 7, 2층208호 (방이동,잠실엘퍼스트오피스텔)",건물 46.77㎡(15평) | 토지 7.98㎡(3평),8억4900만원,4억3468만8000원 (↓49%),#유찰3회,상가,408,https://madangs.cachefly.net/img/0220240052554001.jpg
2024타경2468[1],전주지법,D-6,전북특별자치도 전주시 덕진구 동가재미2길 28-9,건물 878.62㎡(266평) | 토지 447.6㎡(136평),13억8454만6440원,4억7490만원 (↓66%),#유찰3회,상가,407,https://madangs.cachefly.net/img/5520240002468001.jpg
2024타경102522,천안지원,D-6,충청남도 천안시 동남구 목천읍 삼방로 911-22 외 12필지,건물 126.53㎡(39평) | 토지 2295㎡(695평),4억57만8170원,1억9628만4000원 (↓51%),#유찰2회,단독주택,406,https://madangs.cachefly.net/img/2820240102522001.jpg
2024타경102181,울산지법,D-16,울산광역시 동구 중진1길 18 외 2필지,건물 489.51㎡(149평) | 토지 417㎡(127평),11억6828만5560원,4억72만2000원 (↓66%),#유찰4회,숙박시설,406,https://madangs.cachefly.net/img/4320240102181001.jpg
2023타경4134[1],서울북부지법,D-28,서울특별시 중랑구 중랑천로8길 20,건물 222.59㎡(68평) | 토지 107.4㎡(33평),11억1853만3840원,8억9482만7000원 (↓20%),#유찰1회,사무실,406,https://madangs.cachefly.net/img/0520230004134001.jpg
2024타경103916,부산서부지원,D-16,"부산광역시 사상구 엄궁로 40, 203동 9층902호 (엄궁동,엄궁2차한신아파트)",건물 84.9㎡(26평) | 토지 37.1㎡(12평),2억6700만원,1억7088만원 (↓36%),#유찰2회,아파트,405,https://madangs.cachefly.net/img/4220240103916001.jpg
2024타경536036,인천지법,D-0,인천광역시 강화군 화도면 장화리 407-5 외 2필지,토지 2358㎡(714평),5억1428만8000원,8643만6000원 (↓83%),#유찰5회,임야,404,https://madangs.cachefly.net/img/0820240536036001.jpg
2023타경6818[2],진주지원,D-6,"경상남도 진주시 에나로175번길 12(충무공동), 판매및근린생활시설센트럴에비뉴 2층2006호 (충무공동,진주혁신도시중흥에스-클래스센트럴시티3단지)",건물 41.92㎡(13평) | 토지 13.93㎡(5평),2억2000만원,7209만원 (↓67%),#유찰5회,상가,403,https://madangs.cachefly.net/img/4620230006818001.jpg
2024타경26102,통영지원,D-13,경상남도 거제시 연초면 오비5길 9-10,건물 43.13㎡(13평) | 토지 262㎡(80평),1억2282만1000원,2060만6000원 (↓83%),#유찰8회,단독주택,403,https://madangs.cachefly.net/img/4720240026102001.jpg
2024타경7603,수원지법,D-1,경기도 수원시 권선구 권선동 1352-7,토지 267.9㎡(81평),10억2712만8600원,5억329만3000원 (↓51%),#유찰2회,대지,403,https://madangs.cachefly.net/img/1020240007603001.jpg
2024타경67[2],창원지법,D-0,경상남도 창원시 의창구 북면 마산리 산175,토지 7518㎡(2275평),3458만2800원,1416만5000원 (↓59%),#유찰4회,임야,400,https://madangs.cachefly.net/img/4420240000067001.jpg
2024타경102075,울산지법,D-16,"울산광역시 남구 중앙로 158, 1층101호",건물 57.17㎡(18평) | 토지 8.29㎡(3평),12억4000만원,6억760만원 (↓51%),#유찰3회,상가,400,https://madangs.cachefly.net/img/4320240102075001.jpg
2023타경2024,원주지원,D-6,강원특별자치도 원주시 원일로 68 외 1필지,건물 588.34㎡(178평) | 토지 136.8㎡(42평),13억6383만4000원,13억6383만4000원,#유찰2회,상가,398,https://madangs.cachefly.net/img/1820230002024001.jpg
2024타경101058,울산지법,D-28,경상남도 양산시 물금읍 가촌리 512-4 외 1필지,토지 509㎡(154평),11억6278만원,5억6976만2000원 (↓51%),#유찰2회,대지,396,https://madangs.cachefly.net/img/4320240101058001.jpg
2024타경3312,대전지법,D-22,대전광역시 중구 석교동 318-3,토지 463㎡(141평),3억928만4000원,1억608만4000원 (↓66%),#유찰3회,전,395,https://madangs.cachefly.net/img/2520240003312001.jpg
2024타경2714,진주지원,D-20,경상남도 남해군 창선면 흥선로148번길 42,건물 103.57㎡(32평) | 토지 530㎡(161평),1억8861만2750원,9657만원 (↓49%),#유찰3회,단독주택,393,https://madangs.cachefly.net/img/4620240002714001.jpg
2023타경70482,수원지법,D-38,경기도 용인시 처인구 모현읍 동림리 314-1 외 11필지,토지 4753㎡(1438평),32억51만9840원,7억6844만5000원 (↓76%),#유찰4회,답,392,https://madangs.cachefly.net/img/1020230070482001.jpg
2024타경1774,서울북부지법,D-7,"서울특별시 강북구 한천로144길 71-26, 제2층 제202호",건물 40.31㎡(13평) | 토지 19.91㎡(6평),1억7600만원,1억4080만원 (↓20%),#유찰1회,다세대,391,https://madangs.cachefly.net/img/0520240001774001.jpg
2024타경71809,고양지원,D-21,경기도 파주시 적성면 어유지리 산72,토지 34413㎡(10410평),8억2591만2000원,1억3881만1000원 (↓83%),#유찰5회,임야,389,https://madangs.cachefly.net/img/0720240071809001.jpg
2021타경15249,홍성지원,D-7,충청남도 서천군 장항읍 신창리 164-120 2층202호 외 2필지 외 2개 호,건물 129.72㎡(40평) | 토지 969㎡(294평),7억2075만원,3억5316만8000원 (↓51%),#유찰4회,연립,385,https://madangs.cachefly.net/img/2620210015249001.jpg
2024타경981[1],부산동부지원,D-27,부산광역시 해운대구 송정광어골로 55,건물 1338.09㎡(405평) | 토지 292.2㎡(89평),65억2677만6800원,31억9812만1000원 (↓51%),#유찰2회,숙박시설,385,https://madangs.cachefly.net/img/4120240000981001.jpg
2023타경59285,순천지원,D-6,전라남도 보성군 미력면 미력춘정길 53-4 외 2필지 외 2개 동,건물 295.98㎡(90평) | 토지 1294㎡(392평),8억2121만5680원,2억9432만4000원 (↓64%),#유찰4회,단독주택,385,https://madangs.cachefly.net/img/5320230059285001.jpg
2023타경3161[1],부산지법,D-7,"부산광역시 동래구 명륜로 151, 1층115호 (명륜동,천일스카이원)",건물 40.08㎡(13평) | 토지 9.23㎡(3평),2억8000만원,1억4336만원 (↓49%),#유찰3회,상가,385,https://madangs.cachefly.net/img/4020230003161001.jpg
2024타경11078[1],대구지법,D-2,경상북도 청도군 운문면 소진길 74-20 외 4필지,건물 215.5㎡(66평) | 토지 3697㎡(1119평),7억9427만2000원,3억8919만3000원 (↓51%),#유찰2회,단독주택,382,https://madangs.cachefly.net/img/3120240011078001.jpg
2024타경65538,고양지원,D-7,"경기도 고양시 덕양구 권율대로 690, 203동 1층107호 (원흥동,삼송2차원흥역동원로얄듀크비스타)",건물 39.66㎡(12평) | 토지 12.53㎡(4평),8억3600만원,2억72만4000원 (↓76%),#유찰4회,상가,382,https://madangs.cachefly.net/img/0720240065538001.jpg
2023타경4899[5],대구지법,D-2,경상북도 경산시 하양읍 대곡리 산90,토지 118236㎡(35767평),4억1382만6000원,4868만6000원 (↓88%),#유찰6회,임야,382,https://madangs.cachefly.net/img/3120230004899001.jpg
2024타경115871,대구지법,D-8,대구광역시 북구 복현로2길 10,건물 231.92㎡(71평) | 토지 131㎡(40평),7억1841만9120원,2억4641만8000원 (↓66%),#유찰3회,단독주택,381,https://madangs.cachefly.net/img/3120240115871001.jpg
2024타경67851,성남지원,D-27,"경기도 성남시 분당구 성남대로 151, 1층109호 (구미동,분당엠코헤리츠)",건물 55.1㎡(17평) | 토지 13.38㎡(4평),22억5000만원,11억250만원 (↓51%),#유찰2회,상가,380,https://madangs.cachefly.net/img/1120240067851001.jpg
2023타경2578,충주지원,D-6,"충청북도 음성군 맹동면 사예2길 26, 4층401호 (골드타워) 외 1개 호",건물 214.8㎡(65평) | 토지 114.67㎡(35평),5억6600만원,1억1869만9000원 (↓79%),#유찰7회,상가,380,https://madangs.cachefly.net/img/2220230002578001.jpg
2023타경11682[1],대전지법,D-7,대전광역시 중구 문창로110번길 20 외 2필지 외 1개 동,건물 1701.16㎡(515평) | 토지 648㎡(196평),17억6200만4200원,6억436만6000원 (↓66%),#유찰3회,숙박시설,378,https://madangs.cachefly.net/img/2520230011682001.jpg
2024타경121661,대전지법,D-29,"세종특별자치시 아름서1길 13-9, 1층105호 (아름동,다올비즈니스센터)",건물 52㎡(16평) | 토지 15.07㎡(5평),13억100만원,3억1237만원 (↓76%),#유찰4회,오피스텔(상가),377,https://madangs.cachefly.net/img/2520240121661001.jpg
2024타경70250,수원지법,D-34,경기도 화성시 봉담읍 최루백로381번길 4,건물 129.9㎡(40평) | 토지 598㎡(181평),10억4836만8000원,5억1369만9000원 (↓51%),#유찰2회,단독주택,377,https://madangs.cachefly.net/img/1020240070250001.jpg
2024타경69113,수원지법,공고,"경기도 용인시 수지구 광교호수로 431, 103동 6층601호 (상현동,광교레이크포레)",건물 84.97㎡(26평) | 토지 46.98㎡(15평),6억6400만원,6억6400만원,#신건,아파트,376,https://madangs.cachefly.net/img/1020240069113001.jpg
2024타경4905,의정부지법,D-7,"경기도 의정부시 천보로 14, 2층2072호 (민락동,민락송학글래드스톤앤그레이스모나코)",건물 89.76㎡(28평) | 토지 40.04㎡(13평),4억5200만원,1억852만5000원 (↓76%),#유찰4회,상가,376,https://madangs.cachefly.net/img/0620240004905001.jpg
2023타경2311[1],진주지원,D-27,경상남도 진주시 미천면 널방재길195번길 67,건물 121.16㎡(37평) | 토지 327㎡(99평),9344만7800원,7475만8000원 (↓20%),#유찰6회,단독주택,374,https://madangs.cachefly.net/img/4620230002311001.jpg
2024타경1722[1],청주지법,D-7,충청북도 괴산군 사리면 이곡리 산54 외 2필지,토지 17994㎡(5444평),1억2465만9000원,6382만6000원 (↓49%),#유찰3회,임야,372,https://madangs.cachefly.net/img/2120240001722001.jpg
2024타경2396,목포지원,D-34,전라남도 목포시 북항로 84-2,건물 203㎡(62평) | 토지 144㎡(44평),1억7108만6880원,4905만4000원 (↓71%),#유찰5회,다가구,371,https://madangs.cachefly.net/img/5120240002396001.jpg
2024타경1251[1],창원지법,D-23,"경상남도 김해시 율하4로 46, 1층120호 (장유동,율하엔스퀘어)",건물 34.44㎡(11평) | 토지 6.16㎡(2평),6억600만원,1억5885만9300원 (↓74%),#유찰6회,상가,370,https://madangs.cachefly.net/img/4420240001251001.jpg
2024타경34083,부천지원,D-14,"경기도 김포시 김포한강2로 208, 411동 14층1401호 (장기동,고창마을케이씨씨스위첸)",건물 59.98㎡(19평) | 토지 45.05㎡(14평),4억100만원,2억8070만원 (↓30%),#유찰1회,아파트,370,https://madangs.cachefly.net/img/0920240034083001.jpg
2024타경3650,청주지법,D-7,충청북도 청주시 서원구 장암동 465-5,토지 887㎡(269평),1억5699만9000원,4115만5000원 (↓74%),#유찰6회,과수원,369,https://madangs.cachefly.net/img/2120240003650001.jpg
2024타경120542[2],서울남부지법,D-1,서울특별시 구로구 오류동 135-60,토지 128㎡(39평),9억4592만원,6억538만9000원 (↓36%),#유찰2회,대지,368,https://madangs.cachefly.net/img/0420240120542001.jpg
2021타경5504,고양지원,D-22,경기도 파주시 탄현면 금승리 11-54,토지 500㎡(152평),4억3240만원,7267만3000원 (↓83%),#유찰7회,임야,368,https://madangs.cachefly.net/img/0720210005504001.jpg
2023타경4065[1],부산지법,D-17,"부산광역시 부산진구 새싹로 99, 27층102동2704호 (부암동,서면지원더뷰파크)",건물 84.98㎡(26평) | 토지 9.05㎡(3평),3억9400만원,2억5216만원 (↓36%),#유찰2회,오피스텔(사무),367,https://madangs.cachefly.net/img/4020230004065001.jpg
2024타경70105,광주지법,D-9,"광주광역시 남구 독립로10번길 8, 18층 1801호 (백운동,백운광장역천년가)",건물 84.85㎡(26평) | 토지 12.51㎡(4평),4억1300만원,1억8502만4000원 (↓55%),#유찰3회,오피스텔(사무),367,https://madangs.cachefly.net/img/5020240070105001.jpg
2024타경2069[1],통영지원,D-6,경상남도 거제시 수월2길 16,건물 135㎡(41평) | 토지 620.1㎡(188평),5억1999만4500원,2억6623만8000원 (↓49%),#유찰3회,단독주택,365,https://madangs.cachefly.net/img/4720240002069001.jpg
2024타경7710,대전지법,D-16,대전광역시 서구 신갈마로195번길 6,건물 441.49㎡(134평) | 토지 251.3㎡(76평),11억3537만2880원,5억5633만2000원 (↓51%),#유찰2회,다가구,365,https://madangs.cachefly.net/img/2520240007710001.jpg
2024타경63539,청주지법,D-8,충청북도 청주시 청원구 율중로 37,건물 439.3㎡(133평) | 토지 252.4㎡(77평),10억5457만5780원,6억7492만8000원 (↓36%),#유찰2회,다가구,364,https://madangs.cachefly.net/img/2120240063539001.jpg
2024타경105264,서울중앙지법,D-22,서울특별시 동작구 남부순환로267길 3-6,건물 482.79㎡(146평) | 토지 214㎡(65평),31억5899만6028원,25억2719만6000원 (↓20%),#유찰1회,다가구,362,https://madangs.cachefly.net/img/0120240105264001.jpg
2024타경4681,대구지법,D-7,대구광역시 수성구 청수로31길 10-8,건물 167.29㎡(51평) | 토지 175㎡(53평),6억6850만8800원,4억6795만6000원 (↓30%),#유찰1회,상가,362,https://madangs.cachefly.net/img/3120240004681001.jpg
2023타경39326[7],여주지원,D-8,"경기도 이천시 마장면 오천로 67, 1동 3층 301호",건물 91.8㎡(28평) | 토지 33.56㎡(11평),3억1600만원,1억5484만원 (↓51%),#유찰5회,상가,361,https://madangs.cachefly.net/img/1220230039326001.jpg
2024타경61980,수원지법,D-27,"경기도 화성시 동탄감배산로 124-8, 1층115호 (오산동,우평라비엔파크)",건물 47.03㎡(15평) | 토지 8.58㎡(3평),10억7000만원,2억5690만7000원 (↓76%),#유찰4회,상가,361,https://madangs.cachefly.net/img/1020240061980001.jpg
2023타경18319[1],인천지법,D-14,인천광역시 서구 대곡로155번길 6(대곡동),건물 198㎡(60평) | 토지 2764㎡(837평),20억5134만원,8억606만5000원 (↓61%),#유찰3회,공장,359,https://madangs.cachefly.net/img/0820230018319001.jpg
2023타경3161[2],부산지법,D-7,"부산광역시 동래구 명륜로 151, 1층116호 (명륜동,천일스카이원)",건물 56.15㎡(17평) | 토지 12.93㎡(4평),4억원,2억480만원 (↓49%),#유찰3회,상가,357,https://madangs.cachefly.net/img/4020230003161001.jpg
2023타경4460[3],광주지법,D-3,"광주광역시 서구 전평길 41, 1층101호",건물 96㎡(29평) | 토지 99.91㎡(31평),5억5900만원,2억34만6000원 (↓64%),#유찰4회,상가,356,https://madangs.cachefly.net/img/5020230004460001.jpg
2024타경79520,고양지원,D-14,"경기도 고양시 일산서구 킨텍스로 217-21, 101동 39층3906호 (대화동,힐스테이트일산)",건물 84.02㎡(26평) | 토지 15.83㎡(5평),6억9000만원,4억8300만원 (↓30%),#유찰1회,오피스텔(사무),352,https://madangs.cachefly.net/img/0720240079520001.jpg
2023타경3429[1],평택지원,D-27,"경기도 평택시 비전5로 10, 1층1187호 (비전동,평택가로수길센트럴돔)",건물 27.81㎡(9평) | 토지 20.13㎡(7평),4억9000만원,4035만4000원 (↓92%),#유찰7회,상가,352,https://madangs.cachefly.net/img/1320230003429001.jpg
2024타경115994,대구지법,D-7,"대구광역시 수성구 시지로14길 36 (노변동,주건축물제1동)",건물 423.41㎡(129평) | 토지 235.3㎡(72평),15억6821만9800원,7억6842만8000원 (↓51%),#유찰2회,단독주택,351,https://madangs.cachefly.net/img/3120240115994001.jpg
2024타경1967,울산지법,D-16,"울산광역시 남구 번영로 165, 1층111호 (달동,번영로코아루더클래식)",건물 29.85㎡(9평) | 토지 4.2㎡(2평),3억500만원,1억4945만원 (↓51%),#유찰3회,단지내상가,350,https://madangs.cachefly.net/img/4320240001967001.jpg
2022타경1816[3],강릉지원,D-13,강원도 삼척시 원덕읍 호산리 254 다동,건물 132㎡(40평),6275만2000원,1054만7000원 (↓83%),#유찰5회,단독주택,350,https://madangs.cachefly.net/img/1720220001816001.jpg
2023타경11134,인천지법,D-34,인천광역시 옹진군 영흥면 선재로 175 외 5필지,건물 774.37㎡(235평) | 토지 2675㎡(810평),17억137만7020원,8억3367만4000원 (↓51%),#유찰2회,근린주택,348,https://madangs.cachefly.net/img/0820230011134001.jpg
2024타경6185,의정부지법,D-1,경기도 양주시 장흥면 북한산로801번길 76-15 외 5필지,토지 623㎡(189평),25억9965만7000원,25억9965만7000원,#유찰2회,단독주택,348,https://madangs.cachefly.net/img/0620240006185001.jpg
2023타경5976,수원지법,D-8,"경기도 용인시 기흥구 동백죽전대로 341, 1층111호 (중동,용인동백메디슨타워) 외 2개 호",건물 128㎡(39평) | 토지 83.66㎡(26평),54억4100만원,13억638만4000원 (↓76%),#유찰4회,상가,348,https://madangs.cachefly.net/img/1020230005976001.jpg
2024타경8108,고양지원,D-7,"경기도 파주시 산남로157번길 171-20 (산남동,엘동) 외 5필지",건물 148.71㎡(45평) | 토지 1643㎡(497평),7억3025만7000원,5억1118만원 (↓30%),#유찰1회,단독주택,346,https://madangs.cachefly.net/img/0720240008108001.jpg
2024타경7383,대구지법,D-3,대구광역시 수성구 들안로28길 70-16,건물 540.14㎡(164평) | 토지 289.3㎡(88평),18억5285만2300원,9억789만7000원 (↓51%),#유찰2회,다가구,346,https://madangs.cachefly.net/img/3120240007383001.jpg
2024타경121692,대전지법,D-14,대전광역시 유성구 세동 106-5 시동호 외 1필지 외 2개 동,건물 273.95㎡(83평) | 토지 639㎡(194평),5억2504만450원,1억8008만8000원 (↓66%),#유찰3회,단독주택,346,https://madangs.cachefly.net/img/2520240121692001.jpg
2024타경6221,제주지법,D-14,제주특별자치도 제주시 구좌읍 송당서2길 5-17,건물 148.52㎡(45평) | 토지 540㎡(164평),5억5215만4200원,2억7055만6000원 (↓51%),#유찰2회,단독주택,346,https://madangs.cachefly.net/img/5920240006221001.jpg
2024타경824,수원지법,D-29,"경기도 화성시 향남읍 행정동로 13, 1층102호 (1동) 외 5개 호",건물 711.84㎡(216평) | 토지 244.86㎡(75평),20억1100만원,6억8977만3000원 (↓66%),#유찰3회,상가,345,https://madangs.cachefly.net/img/1020240000824001.jpg
2023타경115201,서울북부지법,D-21,서울특별시 동대문구 이문로 16,건물 1174.2㎡(356평) | 토지 324㎡(98평),64억7705만4400원,51억8164만4000원 (↓20%),#유찰1회,숙박시설,344,https://madangs.cachefly.net/img/0520230115201001.jpg
2024타경22407,제주지법,D-14,"제주특별자치도 제주시 남녕로 60, 1층101호",건물 51.56㎡(16평) | 토지 38.51㎡(12평),1억700만원,7490만원 (↓30%),#유찰1회,다세대,344,https://madangs.cachefly.net/img/5920240022407001.jpg
2022타경360,마산지원,D-16,"경상남도 창원시 마산회원구 합성옛길 126, 102동 3층301호 (합성동,밀레온빌딩) 외 2개 호",건물 1873.84㎡(567평) | 토지 662.24㎡(201평),29억9300만원,9억8074만6000원 (↓67%),#유찰10회,상가,344,https://madangs.cachefly.net/img/4520220000360001.jpg
2024타경1052,속초지원,D-8,강원특별자치도 고성군 간성읍 간성북로 65-9 외 2필지,건물 70.2㎡(22평) | 토지 832㎡(252평),2억8900만9800원,1억4161만4000원 (↓51%),#유찰2회,단독주택,344,https://madangs.cachefly.net/img/1920240001052001.jpg
2024타경916,진주지원,D-6,"경상남도 진주시 문산읍 월아산로1048번길 15, 104동 2층201호 (에이원파란채아파트)",건물 84.9㎡(26평) | 토지 49.39㎡(15평),2억800만원,1억6640만원 (↓20%),#유찰1회,아파트,343,https://madangs.cachefly.net/img/4620240000916001.jpg
2024타경71252,광주지법,D-21,광주광역시 북구 향토문화로 36-6,건물 67.7㎡(21평) | 토지 139㎡(42평),2억84만7000원,1억1247만4000원 (↓44%),#유찰2회,단독주택,342,https://madangs.cachefly.net/img/5020240071252001.jpg
2023타경4665[1],부산동부지원,D-6,부산광역시 해운대구 재송동 1025-4 외 1필지,토지 349.8㎡(106평),10억5639만6000원,7억3947만7000원 (↓30%),#유찰4회,대지,342,https://madangs.cachefly.net/img/4120230004665001.jpg
2024타경41531,부천지원,D-16,"경기도 부천시 원미구 부천로3번길 48, 지1층비119호 (심곡동,심곡동피노키오상가)",건물 44.2㎡(14평) | 토지 7.92㎡(3평),5억200만원,1억2053만원 (↓76%),#유찰4회,상가,342,https://madangs.cachefly.net/img/0920240041531001.jpg
2024타경6382,제주지법,D-21,제주특별자치도 제주시 만덕로4길 13-2,건물 109.07㎡(33평) | 토지 407㎡(124평),4억8544만7700원,2억3786만9000원 (↓51%),#유찰2회,단독주택,340,https://madangs.cachefly.net/img/5920240006382001.jpg
2023타경54067,춘천지법,D-6,강원특별자치도 춘천시 남산면 방하로 365-272 외 12필지 외 1개 동,건물 457.79㎡(139평) | 토지 57551㎡(17410평),46억4574만5570원,22억7641만4000원 (↓51%),#유찰3회,단독주택,339,https://madangs.cachefly.net/img/1620230054067001.jpg
2023타경10115,대전지법,D-16,"세종특별자치시 국책연구원2로 18, 1층 102호 (반곡동, 알파타워)",건물 42.12㎡(13평),7억1700만원,1억7215만1000원 (↓76%),#유찰4회,상가,339,https://madangs.cachefly.net/img/2520230010115001.jpg
2024타경2728,창원지법,D-0,경상남도 김해시 평전로94번길 3-7,건물 277.73㎡(84평) | 토지 326.8㎡(99평),5억3858만6300원,2억7575만6200원 (↓49%),#유찰3회,사무실,339,https://madangs.cachefly.net/img/4420240002728001.jpg
2023타경1398,안동지원,D-20,경상북도 영주시 영봉로 86-59 외 4필지,건물 58.05㎡(18평) | 토지 4773㎡(1444평),5억353만4290원,8462만9000원 (↓83%),#유찰8회,단독주택,338,https://madangs.cachefly.net/img/3220230001398001.jpg
2024타경5509,대전지법,D-22,대전광역시 서구 괴정로 82-10,건물 531.59㎡(161평) | 토지 386㎡(117평),22억1643만9000원,10억8605만4000원 (↓51%),#유찰2회,다가구,338,https://madangs.cachefly.net/img/2520240005509001.jpg
2024타경2243,통영지원,D-13,경상남도 거제시 문동4길 81-40 외 3필지,건물 172.59㎡(53평) | 토지 960㎡(291평),5억3707만2200원,1억1263만2210원 (↓79%),#유찰7회,단독주택,337,https://madangs.cachefly.net/img/4720240002243001.jpg
2023타경1886,안동지원,D-20,경상북도 봉화군 재산면 갈산리 산151,토지 69818㎡(21120평),7679만9800원,2634만2000원 (↓66%),#유찰3회,임야,337,https://madangs.cachefly.net/img/3220230001886001.jpg
2023타경2959[3],서산지원,D-21,충청남도 당진시 석문면 교로길 19-11 외 1개 동,건물 408.06㎡(124평) | 토지 7219.4㎡(2184평),5억9670만40원,1억28만8000원 (↓83%),#유찰5회,상가,336,https://madangs.cachefly.net/img/3020230002959001.jpg
2024타경531031,인천지법,D-1,"인천광역시 중구 참외전로72번길 6-18, 5층501호",건물 31.2㎡(10평) | 토지 11.26㎡(4평),5300만원,1817만9000원 (↓66%),#유찰3회,다세대,336,https://madangs.cachefly.net/img/0820240531031001.jpg
2024타경981[2],부산동부지원,D-27,"부산광역시 해운대구 달맞이길 30, 랜드마크타워동 75층7506호 (중동,엘시티)",건물 126.53㎡(39평) | 토지 19.42㎡(6평),24억4100만원,11억9609만원 (↓51%),#유찰2회,숙박시설,334,https://madangs.cachefly.net/img/4120240000981001.jpg
2024타경53893,서산지원,D-28,충청남도 당진시 송악읍 기지시리 175-6 외 1필지,토지 940㎡(285평),15억1752만원,5억2051만원 (↓66%),#유찰3회,임야,334,https://madangs.cachefly.net/img/3020240053893001.jpg
2021타경3447,고양지원,D-29,경기도 파주시 파주읍 정문로 720 (1동) 외 9필지 외 2개 동,건물 2321.72㎡(703평) | 토지 12905㎡(3904평),55억3663만3300원,18억9906만5000원 (↓66%),#유찰4회,공장,334,https://madangs.cachefly.net/img/0720210003447001.jpg
2024타경222,안양지원,D-42,"경기도 안양시 만안구 전파로44번길 57(안양동), 1층110호 (안양동,두산명학아너비즈타워)",건물 56.49㎡(18평) | 토지 17.28㎡(6평),11억원,2억3068만6000원 (↓79%),#유찰7회,상가,332,https://madangs.cachefly.net/img/1520240000222001.jpg
2024타경63825,수원지법,D-35,경기도 화성시 반송동 88-3 중앙프라자 7층701호 외 1개 호,건물 228.02㎡(69평) | 토지 38.71㎡(12평),8억5700만원,4억1993만원 (↓51%),#유찰2회,상가,332,https://madangs.cachefly.net/img/1020240063825001.jpg
2023타경10315,제주지법,D-14,제주특별자치도 제주시 조천읍 번영로 1118-123 (제101동) 외 1개 동,건물 177.76㎡(54평) | 토지 3056㎡(925평),7억8518만6400원,3억8474만1000원 (↓51%),#유찰2회,단독주택,331,https://madangs.cachefly.net/img/5920230010315001.jpg
2024타경3717,진주지원,D-6,경상남도 진주시 진양호로115번길 27-1,건물 87.48㎡(27평) | 토지 176.3㎡(54평),4억869만8200원,2억6156만7000원 (↓36%),#유찰2회,단독주택,330,https://madangs.cachefly.net/img/4620240003717001.jpg
2024타경370,속초지원,D-8,강원특별자치도 고성군 토성면 교암리 207-14,토지 8196㎡(2480평),3억4423만2000원,1억6867만3000원 (↓51%),#유찰2회,임야,330,https://madangs.cachefly.net/img/1920240000370001.jpg
2023타경529598,인천지법,D-6,"인천광역시 서구 크리스탈로 148, 377동 1층104호 (경서동,청라한화꿈에그린)",건물 125.65㎡(38평) | 토지 73.83㎡(23평),8억3100만원,5억8170만원 (↓30%),#유찰1회,아파트,329,https://madangs.cachefly.net/img/0820230529598001.jpg
2023타경10641,대전지법,D-16,대전광역시 중구 선화동 413-3,토지 297.5㎡(90평),6억9853만원,3억4236만3000원 (↓51%),#유찰1회,대지,328,https://madangs.cachefly.net/img/2520230010641001.jpg
2021타경6605,전주지법,D-13,전라북도 무주군 설천면 외배방길 24 (주건축물제1동) 외 6필지 외 1개 동,건물 330㎡(100평) | 토지 3388.34㎡(1025평),10억6511만8720원,3억6533만5670원 (↓66%),#유찰10회,단독주택,327,https://madangs.cachefly.net/img/5520210006605001.jpg
2024타경23295,제주지법,D-7,제주특별자치도 제주시 조천읍 조함해안로 38 외 1필지,건물 115.69㎡(35평) | 토지 1828㎡(553평),21억3345만5560원,10억4539만3000원 (↓51%),#유찰2회,단독주택,327,https://madangs.cachefly.net/img/5920240023295001.jpg
2024타경27846,제주지법,D-7,제주특별자치도 제주시 이도이동 1042-1,토지 140.8㎡(43평),2억134만4000원,9865만9000원 (↓51%),#유찰2회,대지,326,https://madangs.cachefly.net/img/5920240027846001.jpg
2024타경210,고양지원,D-7,경기도 파주시 법원읍 대능리 82-7 외 1필지,토지 412㎡(125평),2억5764만4000원,2억5764만4000원,#유찰4회,대지,325,https://madangs.cachefly.net/img/0720240000210001.jpg
2024타경3036,순천지원,D-27,전라남도 여수시 충무연등천길 12-4,건물 97.78㎡(30평) | 토지 139㎡(42평),1억8991만3980원,5445만3000원 (↓71%),#유찰5회,단독주택,324,https://madangs.cachefly.net/img/5320240003036001.jpg
2023타경1314[2],여주지원,D-29,경기도 양평군 양서면 부용리 16-8 외 11필지,토지 17681㎡(5349평),5억5830만8790원,9383만5000원 (↓83%),#유찰5회,도로,324,https://madangs.cachefly.net/img/1220230001314001.jpg
2024타경244,제천지원,D-6,충청북도 제천시 의림대로 194,건물 1033.18㎡(313평) | 토지 1033㎡(313평),29억599만4080원,7억6178만8000원 (↓74%),#유찰6회,상가,323,https://madangs.cachefly.net/img/2320240000244001.jpg
2023타경113015,서울중앙지법,D-2,"서울특별시 종로구 종로 183, 2층에스2001호 (인의동,효성주얼리시티)",건물 318.97㎡(97평) | 토지 85.3㎡(26평),28억9000만원,4억8486만2000원 (↓83%),#유찰8회,상가,322,https://madangs.cachefly.net/img/0120230113015001.jpg
2024타경1448,울산지법,D-7,울산광역시 중구 종가로 755,건물 2681.92㎡(812평) | 토지 897.1㎡(272평),48억7639만4280원,11억7082만2000원 (↓76%),#유찰4회,자동차시설,321,https://madangs.cachefly.net/img/4320240001448001.jpg
2020타경28520[1],제주지법,D-7,제주특별자치도 서귀포시 동문로 7,건물 1772.24㎡(537평) | 토지 317.7㎡(97평),39억757만4540원,19억1471만1000원 (↓51%),#유찰2회,기타,321,https://madangs.cachefly.net/img/5920200028520001.jpg
2023타경7033[3],제천지원,D-27,충청북도 제천시 수산면 오티리 355 외 1필지,토지 3544㎡(1073평),5679만3600원,762만2400원 (↓87%),#유찰9회,임야,321,https://madangs.cachefly.net/img/2320230007033001.jpg
2024타경1660,통영지원,D-6,경상남도 거제시 옥포로5길 10,건물 113.43㎡(35평) | 토지 126.1㎡(39평),2억8785만200원,9432만2000원 (↓67%),#유찰5회,단독주택,320,https://madangs.cachefly.net/img/4720240001660001.jpg
2024타경11585,속초지원,D-29,"강원특별자치도 속초시 해오름로 171, 비동 6층 618호 (조양동,리센오션파크속초)",건물 22.44㎡(7평) | 토지 8.6㎡(3평),1억4800만원,5076만4000원 (↓66%),#유찰3회,숙박시설,320,https://madangs.cachefly.net/img/1920240011585001.jpg
2023타경3175,마산지원,D-37,경상남도 함안군 가야읍 함안대로 494,건물 499.1㎡(151평) | 토지 314㎡(95평),8억527만170원,3억2983만8000원 (↓59%),#유찰4회,상가,320,https://madangs.cachefly.net/img/4520230003175001.jpg
2024타경1385,대전지법,D-7,"세종특별자치시 보듬3로 8-21, 5층504호 (도담동,다옴프라자) 외 2개 호",건물 373.32㎡(113평) | 토지 111.73㎡(34평),9억6500만원,6억7550만원 (↓30%),#유찰3회,상가,320,https://madangs.cachefly.net/img/2520240001385001.jpg
2024타경30463,여주지원,D-8,경기도 이천시 설성면 설장로 434-20 (1동) 외 1필지 외 1개 동,건물 202.37㎡(62평) | 토지 1200.37㎡(364평),4억6526만5190원,4억6526만5000원,#유찰2회,단독주택,320,https://madangs.cachefly.net/img/1220240030463001.jpg
2024타경56837,성남지원,D-27,"경기도 하남시 신장로 156, 2층205호 (덕풍동,하남프라자)",건물 106.65㎡(33평) | 토지 29.99㎡(10평),3억5000만원,2억4500만원 (↓30%),#유찰1회,상가,320,https://madangs.cachefly.net/img/1120240056837001.jpg
2023타경68921,광주지법,D-51,"광주광역시 광산구 하완길 114, 102동 1층 102호 (수완동,수완포레)",건물 73.85㎡(23평) | 토지 150.6㎡(46평),3억4100만원,2억3870만원 (↓30%),#유찰1회,연립,319,https://madangs.cachefly.net/img/5020230068921001.jpg
2023타경54639,서산지원,D-14,충청남도 당진시 정미면 봉성리 산52,토지 9818㎡(2970평),3억3381만2000원,1억1449만8000원 (↓66%),#유찰3회,임야,318,https://madangs.cachefly.net/img/3020230054639001.jpg
2024타경20166,공주지원,D-9,충청남도 공주시 유구읍 추계리 689 외 9필지 외 4개 동,건물 338.65㎡(103평) | 토지 2493㎡(755평),5억6626만7300원,1억9422만9683원 (↓66%),#유찰3회,단독주택,318,https://madangs.cachefly.net/img/2920240020166001.jpg
2024타경4290,광주지법,D-24,광주광역시 동구 제봉로222번길 9,건물 1128.55㎡(342평) | 토지 346.4㎡(105평),12억8687만1560원,5억7651만8000원 (↓55%),#유찰3회,숙박시설,317,https://madangs.cachefly.net/img/5020240004290001.jpg
2023타경3939,마산지원,D-2,경상남도 창원시 마산합포구 완월북10길 47 외 1필지,건물 534.47㎡(162평) | 토지 308㎡(94평),9억9122만4530원,5억750만7000원 (↓49%),#유찰3회,다가구,317,https://madangs.cachefly.net/img/4520230003939001.jpg
2024타경47096[2],부천지원,D-16,경기도 김포시 고촌읍 김포대로 307-14,건물 229.84㎡(70평) | 토지 558.84㎡(169평),7억1640만7380원,5억148만5000원 (↓30%),#유찰1회,단독주택,317,https://madangs.cachefly.net/img/0920240047096001.jpg
2024타경59796,수원지법,D-43,"경기도 화성시 동탄장지천5길 30-7, 1동 1층101호 (장지동,메이저타워)",건물 43.32㎡(14평) | 토지 19.02㎡(6평),12억1000만원,2억336만4000원 (↓83%),#유찰5회,상가,317,https://madangs.cachefly.net/img/1020240059796001.jpg
2024타경57629[12],서울서부지법,D-0,"서울특별시 은평구 갈현로37길 4, 6층602호 (갈현동,호안빌)",건물 45.51㎡(14평) | 토지 26.96㎡(9평),4억5000만원,2억3040만원 (↓49%),#유찰3회,다세대,316,https://madangs.cachefly.net/img/0320240057629001.jpg
2023타경2611,원주지원,D-13,강원특별자치도 원주시 행구동 1852-9 외 12필지,토지 7513.4㎡(2273평),4억5284만6570원,1억5532만7000원 (↓66%),#유찰3회,대지,315,https://madangs.cachefly.net/img/1820230002611001.jpg
2024타경2195[1],광주지법,D-57,광주광역시 서구 쌍촌동 897-4 외 21필지,토지 1637㎡(496평),14억3610만5800원,6억4337만5000원 (↓55%),#유찰4회,전,315,https://madangs.cachefly.net/img/5020240002195001.jpg
